frequency_hz,spl_db,za_real_normalized,za_imag_normalized,ze_ohm,ze_phase_deg,excursion_peak_mm,phase_deg,mouth_power_w,power_relative_residual,ze_ohm_Nd,excursion_peak_mm_Nd,port_velocity_peak_ms_Nd
10,57.59782200408476,0.00004398781455443756,0.0664663557606996,6.196818728321307,13.566964059738952,0.7943609326752669,165.43830453651822,0.0000034871977083802653,-5.352666537606471e-16,6.196818728321307,0.7943609326752669,0
10.144045,57.84871766009036,0.0000453102601647696,0.06743221317608111,6.202698271859787,13.761994046597643,0.7941491880004796,165.22794444155056,0.0000036945890284921623,1.762674122259199e-16,6.202698271859787,0.7941491880004796,0
10.290166,58.099686777982214,0.000046673860654506544,0.06841236496725786,6.208758689906045,13.95981652340868,0.793931319427705,165.01452562926818,0.000003914380578771253,1.8792494983687594e-16,6.208758689906045,0.793931319427705,0
10.438391,58.3507282116756,0.00004807996093542372,0.06940702098843948,6.215005781282946,14.160468258118986,0.7937071533685909,164.79800560848616,0.0000041473166128429915,-2.1096998801640692e-16,6.215005781282946,0.7937071533685909,0
10.588751,58.6018453182437,0.00004952997967708573,0.07041641228812642,6.221445660823851,14.363990019332526,0.7934765073802962,164.57833742818275,0.000004394190714493916,1.0866739322547297e-16,6.221445660823851,0.7934765073802962,0
10.741277,58.85304074098766,0.00005102538372167232,0.07144077104225205,6.228084644935176,14.570422511209348,0.7932391944555107,164.3554740550221,0.000004655844257378748,6.672671845098192e-17,6.228084644935176,0.7932391944555107,0
10.896,59.104316453175926,0.00005256768989429748,0.07248033060108913,6.234929258949014,14.779806370240854,0.7929950229327704,164.12936836986694,0.0000049331692474934666,-1.3715155919693098e-16,6.234929258949014,0.7929950229327704,0
11.052951,59.35567380031658,0.0000541584668949105,0.07353532553800878,6.241986244807668,14.99218216185238,0.792743796405761,163.89997316416725,0.000005227111332254951,3.2830349465006105e-16,6.241986244807668,0.792743796405761,0
11.212164,59.607118245993036,0.00005579936845428399,0.0746060118794419,6.249262707328434,15.207594435533647,0.7924853087264591,163.66723675046978,0.000005538678986264803,5.979588034999277e-17,6.249262707328434,0.7924853087264591,0
11.37367,59.858649805872574,0.00005749207463231162,0.07569262682779448,6.256765853009795,15.426083602196043,0.7922193535125701,163.4311117278503,0.000005868935691583885,-1.2211203864505542e-16,6.256765853009795,0.7922193535125701,0
11.537502,60.11027104242744,0.00005923834513920392,0.07679542243428138,6.264503225711706,15.647692695403336,0.7919457159888125,163.19154766931956,0.000006219013140311826,1.2254871184953688e-16,6.264503225711706,0.7919457159888125,0
11.703695,60.36198689070695,0.00006104002344196787,0.07791466568985136,6.272482723819032,15.87246736544862,0.7916641726520853,162.94849111512713,0.0000065901160016739135,-2.652243239011044e-16,6.272482723819032,0.7916641726520853,0
11.872281,60.613797075502816,0.0000628989854925402,0.07905060492246942,6.280712372232501,16.100449111879563,0.7913744995776762,162.70189288000768,0.000006983515119679595,4.9795601835565866e-17,6.280712372232501,0.7913744995776762,0
12.043295,60.86570524189688,0.0000648172073769879,0.08020351026936509,6.289200621065342,16.33168339358418,0.7910764621485942,162.45169927338065,0.000007400565288964737,5.221708177406379e-17,6.289200621065342,0.7910764621485942,0
12.216773,61.11771580301324,0.00006679674789446197,0.08137366030374353,6.2979562673546114,16.566216917202155,0.7907698181391436,162.19785501723925,0.000007842706281957849,-2.9464898885340313e-19,6.2979562673546114,0.7907698181391436,0
12.39275,61.369831038494254,0.00006883972905271633,0.08256132862331804,6.306988367759591,16.80409492731296,0.7904543210863735,161.9403061667856,0.000008311462965066446,2.9647022385861153e-16,6.306988367759591,0.7904543210863735,0
12.571262,61.622054043744285,0.00007094836197208859,0.08376679741565649,6.316306352112215,17.045363904460036,0.7901297166388129,161.67899717829243,0.000008808455701564877,-5.075460045912403e-17,6.316306352112215,0.7901297166388129,0
12.752345,61.874387290112054,0.00007312493901673763,0.08499035079677528,6.325919987516596,17.290070206676898,0.7897957441682274,161.4138723660942,0.000009335403611917628,1.8636420425303105e-16,6.325919987516596,0.7897957441682274,0
12.936037,62.126835396637965,0.00007537186188821146,0.08623228841888804,6.335839501279041,17.53826276492129,0.7894521328820572,161.1448729673474,0.000009894136779072847,2.974844228010018e-16,6.335839501279041,0.7894521328820572,0
13.122374,62.37939959893457,0.00007769159717150739,0.08749289852888702,6.346075383443944,17.78998767061026,0.7890986090765454,160.87194299199007,0.000010486591004775142,-2.757134058545001e-16,6.346075383443944,0.7890986090765454,0
13.311396,62.63208594447604,0.00008008675466143856,0.08877249864591384,6.356638731294836,18.04529627375619,0.7887348846518414,160.59502042797453,0.000011114833584221549,-3.433515582197041e-17,6.356638731294836,0.7887348846518414,0
13.50314,62.88489580066969,0.00008256000483002765,0.09007138831026147,6.367540883935,18.304235717974755,0.7883606701947222,160.31404748633474,0.00001178104867310934,-4.628242609985041e-17,6.367540883935,0.7883606701947222,0
13.697647,63.137835211700796,0.00008511417242635542,0.09138989658184878,6.378793833810172,18.566858386028642,0.7879756613041655,160.02896033762,0.000012487568725145934,-2.4825364094509035e-16,6.378793833810172,0.7879756613041655,0
13.894955,63.390905666448425,0.00008775215131332582,0.09272833473723312,6.390409850017175,18.833212436958163,0.7875795520464833,159.7396993606776,0.000013236858820218873,1.322380050108626e-16,6.390409850017175,0.7875795520464833,0
14.095105,63.64411194528291,0.00009047698810258493,0.09408703705184406,6.402401845538516,19.103349897439312,0.7871720229366159,159.4462003402041,0.000014031547304287233,1.8419232853914442e-16,6.402401845538516,0.7871720229366159,0
14.298139,63.89745942229314,0.00009329186296536228,0.09546634739692321,6.414783291182751,19.377323948797844,0.7867527445236496,159.14839738655417,0.00001487442932267334,1.1230640011681876e-17,6.414783291182751,0.7867527445236496,0
14.504097,64.15095035803174,0.00009620005362906777,0.09686659898315432,6.427568055964518,19.65518486742055,0.7863213834206904,158.8462273266466,0.000015768464547372333,4.7133802614352735e-17,6.427568055964518,0.7863213834206904,0
14.713021,64.40458893435982,0.00009920499659389899,0.09828814166143351,6.440770675133453,19.936985410372795,0.7858775938923172,158.53962382727696,0.00001671680450557683,-2.1678091258738604e-16,6.440770675133453,0.7858775938923172,0
14.924955,64.65838112958504,0.00010231029585442517,0.09973134210948162,6.454406386941811,20.22278079964075,0.785421017401998,158.22851738111967,0.000017722805983393908,4.340388736106973e-17,6.454406386941811,0.785421017401998,0
15.139942,64.91233108006611,0.00010551968695426469,0.10119656357427949,6.468490973418286,20.512624661098485,0.7849512887464658,157.91283969761025,0.000018790030204143062,-3.176727511660852e-16,6.468490973418286,0.7849512887464658,0
15.358026,65.16644352051237,0.00010883707323030102,0.1026841796395467,6.483040918357509,20.80657170672013,0.7844680315800966,157.59252075578502,0.000019922265440326515,1.0948372466489141e-16,6.483040918357509,0.7844680315800966,0
15.579251,65.42072260636887,0.00011226651892091668,0.10419456757965091,6.498073375883654,21.104676369751353,0.7839708603537333,157.26749025978188,0.0000211235365661695,-2.8582317149946445e-17,6.498073375883654,0.7839708603537333,0
15.803663,65.67517420955406,0.00011581228884582869,0.1057281221954204,6.513606343262,21.406995481722987,0.7834593755521095,156.9376746866203,0.000022398131556095497,3.3551646364819707e-17,6.513606343262,0.7834593755521095,0
16.031307,65.92980247551525,0.00011947881094407805,0.10728523551879747,6.529658495664366,21.713584210757684,0.782933170178215,156.6030016796658,0.000023750601765475565,-1.5994066161836306e-16,6.529658495664366,0.782933170178215,0
16.262231,66.18461432738604,0.00012327074986577335,0.10886632436050982,6.546249507532433,22.024501428693153,0.7823918202907707,156.26339415370012,0.00002518580305212607,-1.138785924305655e-16,6.546249507532433,0.7823918202907707,0
16.496481,66.43961388014958,0.0001271929366368324,0.11047179631568223,6.563399743890402,22.339802955052768,0.7818348962920982,155.91877762996978,0.000026708885003276923,-4.7094211880889806e-17,6.563399743890402,0.7818348962920982,0
16.734105,66.69480689983077,0.00013125044438196977,0.11210207735089826,6.5811305911943805,22.659546919906084,0.7812619533575292,155.56907433827462,0.000028325335344199103,1.4247486625818432e-16,6.5811305911943805,0.7812619533575292,0
16.975152,66.95019964922449,0.00013544858471720137,0.11375760521286873,6.599464440982035,22.98379239031602,0.7806725333644068,155.2142046681588,0.000030040996529515025,-2.309885536543382e-16,6.599464440982035,0.7806725333644068,0
17.219671,67.20579782344352,0.00013979290293131676,0.11543882280741165,6.618424668730255,23.312597997243785,0.7800661670141222,154.85408862221254,0.00003186208211452106,-4.100030470836303e-17,6.618424668730255,0.7800661670141222,0
17.467712,67.46160761946709,0.0001442892084338245,0.1171461853193835,6.638035767062614,23.646023251085666,0.7794423710916893,154.48864432455366,0.00003379520865383196,1.3947147240695406e-16,6.638035767062614,0.7794423710916893,0
17.719326,67.71763571157715,0.00014894358951503782,0.11888016049667648,6.658323410663697,23.984128508591848,0.7788006480768198,154.11778799908177,0.00003584742306625202,1.2827601074171366e-16,6.658323410663697,0.7788006480768198,0
17.974565,67.97388922862312,0.0001537624290642402,0.12064122894928471,6.6793145257739335,24.32697493716028,0.7781404857455995,153.74143394656028,0.00003802623195988758,2.9719939158431727e-17,6.6793145257739335,0.7781404857455995,0
18.23348,68.23037376502766,0.00015875238237232381,0.12242987063916247,6.701037195166313,24.674621791395627,0.7774613620451626,153.35949747136465,0.00004033961478660473,3.6343202973421363e-16,6.701037195166313,0.7774613620451626,0
18.496125,68.487097375959,0.00016392047041155163,0.12424659280866611,6.7235210665716005,25.027131744534778,0.7767627343340583,152.97188895808165,0.00004279609154040636,1.4653294816796597e-16,6.7235210665716005,0.7767627343340583,0
18.762553,68.7440665948001,0.00016927402163619294,0.12609190269385356,6.7467971021453295,25.384565472800205,0.7760440494522214,152.57851974544633,0.000045404722911970575,-4.3748948343979277e-17,6.7467971021453295,0.7760440494522214,0
19.032818,69.00128843476216,0.00017482072941921574,0.12796632167810806,6.770897832292082,25.746984294043852,0.7753047381563564,152.1792991499874,0.00004817516532065763,-1.3041031218632608e-16,6.770897832292082,0.7753047381563564,0
19.306977,69.25877223666286,0.0001805687158541051,0.12987039957450125,6.795857637446266,26.114452795409484,0.7745442090947047,151.7741314801126,0.00005111773401762342,-1.6639172036064247e-16,6.795857637446266,0.7745442090947047,0
19.585085,69.51652492616003,0.00018652645099600962,0.13180468032896975,6.821712403121215,26.487032073037263,0.7737618621287553,151.36292339236093,0.00005424339492152727,2.3225556320743696e-16,6.821712403121215,0.7737618621287553,0
19.867199,69.77455481835969,0.00019270285896749498,0.1337697301774421,6.848499988089045,26.86478503490763,0.7729570769702099,150.9455779506934,0.00005756385254621505,1.8213327949309338e-16,6.848499988089045,0.7729570769702099,0
20.153377,70.03287064634667,0.00019910732380948933,0.1357661311633048,6.876260258338893,27.247774992527926,0.772129215426408,150.5219960686112,0.00006109159089968665,-6.423703019239271e-17,6.876260258338893,0.772129215426408,0
20.443677,70.2914806643373,0.00020574969433295783,0.1377944746175988,6.9050351187639905,27.636064250871506,0.7712776238719399,150.09207795388056,0.00006483991496808786,-2.1936498327810969e-16,6.9050351187639905,0.7712776238719399,0
20.738158,70.55039356846648,0.0002126403351148878,0.139855368604606,6.934868746933053,28.02971536937755,0.7704016299665467,149.65572159188707,0.00006882302019267932,1.6059702827532223e-16,6.934868746933053,0.7704016299665467,0
21.036882,70.80962021037882,0.00021979020684014422,0.14194945247695445,6.965807955839577,28.42879374689064,0.7695005360795283,149.21281973886573,0.00007305608434966403,1.549478746189681e-16,6.965807955839577,0.7695005360795283,0
21.339908,71.06916837054482,0.00022721075752587066,0.14407735538053762,6.997901741000952,28.833359511102262,0.7685736368313663,148.76326877387828,0.00007755525091490109,-2.1568615471993432e-16,6.997901741000952,0.7685736368313663,0
21.6473,71.32904969366925,0.00023491415078721035,0.14623975292022764,7.031202289205888,29.243478103363827,0.7676201944340043,148.3069567921582,0.0000823378153102202,4.2260582799942374e-16,7.031202289205888,0.7676201944340043,0
21.959119,71.58927282923726,0.0002429131092441773,0.14843731159690943,7.065764325949474,29.659209486080655,0.7666394626248123,147.84377542559162,0.00008742218424137425,-1.9565653871273958e-16,7.065764325949474,0.7666394626248123,0
22.27543,71.84984937248763,0.00025122113081826436,0.15067073867007574,7.101646079566873,30.080617361608365,0.7656306645096876,147.37360940305496,0.00009282806708796028,-8.221496748248136e-17,7.101646079566873,0.7656306645096876,0
22.596297,72.11078966011249,0.00025985240732137257,0.152940747638971,7.138908963276366,30.507762369495914,0.7645930076161409,146.89634392157552,0.00009857648681929474,3.7482192457840783e-16,7.138908963276366,0.7645930076161409,0
22.921786,72.37210526595324,0.0002688219505442928,0.15524808011881916,7.177618159518266,30.940705938491675,0.7635256738561609,146.41186013287552,0.00010468992695820544,-2.130939982367778e-16,7.177618159518266,0.7635256738561609,0
23.251963,72.63380737256495,0.0002781455908964327,0.15759349245876422,7.217842660324939,31.379507462648807,0.7624278254016487,145.9200380583186,0.00011119240082580937,2.2363780641383973e-16,7.217842660324939,0.7624278254016487,0
23.586897,72.89590915427779,0.00028784011833628417,0.15997777785878897,7.259655929308158,31.824228111148866,0.7612985941219663,145.42075205717902,0.0001181096236433333,2.403525902639808e-16,7.259655929308158,0.7612985941219663,0
23.926655,73.15842184025985,0.0002979232002970399,0.16240173167482236,7.30313561034045,32.27492399087998,0.7601370976995415,144.91387821006083,0.00012546903397263136,3.164194703031367e-16,7.30313561034045,0.7601370976995415,0
24.271307,73.42135865451574,0.00030841359022879753,0.16486618788447627,7.348364499962173,32.731652573053495,0.7589424222473307,144.39928679704485,0.000133300026470464,3.417593236407687e-17,7.348364499962173,0.7589424222473307,0
24.620924,73.68473322472803,0.0003193311427337529,0.16737200586251355,7.395430697172649,33.19446979605842,0.7577136282497877,143.87684520004711,0.00014163405612329988,-8.948946134395111e-17,7.395430697172649,0.7577136282497877,0
24.975577,73.94855884852073,0.0003306968576720938,0.1699200642129776,7.444427891935566,33.663428480909936,0.7564497534695656,143.34641931886677,0.0001505047667638284,2.3284337710327346e-16,7.444427891935566,0.7564497534695656,0
25.335338,74.21284927622932,0.0003425329918886216,0.17251126897740254,7.495455960921153,34.138579368143915,0.7551498088577419,142.80787199525912,0.00015994817818746753,2.087787323993725e-16,7.495455960921153,0.7551498088577419,0
25.700282,74.47762015938414,0.00035486321680698986,0.17514656924354496,7.548621779303086,34.61997343262952,0.7538127704604074,142.26105992503062,0.00017000292202826671,2.607696548530803e-17,7.548621779303086,0.7538127704604074,0
26.070482,74.7428854089045,0.0003677125483531187,0.17782692230804065,7.60403907222007,35.1076549264436,0.7524375968699302,141.70584105069702,0.00018071030175297812,2.0044974967304822e-16,7.60403907222007,0.7524375968699302,0
26.446016,75.00866226184398,0.0003811076905747008,0.18055334557226552,7.6618300748551444,35.60167021028764,0.751023202685054,141.14206396777843,0.0001921146997503428,1.20549780215211e-16,7.6618300748551444,0.751023202685054,0
26.826958,75.27496486512771,0.00039507683419776394,0.18332685270725732,7.722124870418019,36.10205545972063,0.7495684912847808,140.56958131885438,0.00020426354118345958,-5.472931693339844e-17,7.722124870418019,0.7495684912847808,0
27.213388,75.54181136598852,0.00040965013653024177,0.18614852772339877,7.785063701008243,36.6088493262113,0.7480723163477139,139.9882346661076,0.0002172078449900793,3.308515089252904e-16,7.785063701008243,0.7480723163477139,0
27.605384,75.80921828984692,0.000424859566745031,0.18901946838786335,7.850796579366835,37.1220818675327,0.7465335112962549,139.39786638422754,0.00023100224424255718,-7.86417884137642e-18,7.850796579366835,0.7465335112962549,0
28.003026,76.07720336045291,0.000440739196781238,0.19194081698719237,7.919484869337434,37.64177918673298,0.7449508732010635,138.7983135211017,0.0002457054027948937,2.7701293386077723e-16,7.919484869337434,0.7449508732010635,0
28.406397,76.34578613679463,0.00045732540660481445,0.1949137695906231,7.991302551633496,38.16796403192573,0.7433231575417867,138.18940614097914,0.0002613803793195381,3.013454553599846e-16,7.991302551633496,0.7433231575417867,0
28.815578,76.61498468222705,0.00047465685381714053,0.19793954114742243,8.06643653168028,38.70064848954734,0.7416490973016916,137.57097472055966,0.0002780947809249803,-2.6389463890200007e-16,8.06643653168028,0.7416490973016916,0
29.230652,76.88481828735563,0.0004927748194987386,0.2010193968590746,8.145088648358882,39.23983833988729,0.7399273861278433,136.9428439633714,0.00029592128142957234,2.269328647938907e-16,8.145088648358882,0.7399273861278433,0
29.651706,77.15530872818191,0.000511723510156752,0.20415466936630192,8.227477583035395,39.785534645972696,0.7381566685667953,136.30482959128858,0.00031493812895686847,1.7392920288115927e-16,8.227477583035395,0.7381566685667953,0
30.078825,77.42647638864841,0.000531550019422271,0.20734671652780992,8.313839391521316,40.33772484249775,0.7363355638874957,135.6567472460157,0.00033522933000427004,3.277924597493531e-17,8.313839391521316,0.7363355638874957,0
30.512097,77.69834351664967,0.0005523047940970841,0.21059696104366724,8.404430346280641,40.89638795799243,0.7344626440864208,134.9984047273672,0.0003568853509538837,3.100641669684525e-17,8.404430346280641,0.7344626440864208,0
30.951609,77.97093170958847,0.0005740417153099426,0.21390686318224478,8.499528245537661,41.461488008604,0.7325364497866526,134.32960786012995,0.0003800034514234805,2.2355241491089107e-16,8.499528245537661,0.7325364497866526,0
31.397452,78.24426506086608,0.0005968186344299525,0.21727796117111411,8.599435874751796,42.032978801868104,0.7305554672615834,133.65015267461695,0.00040468851214558055,1.7428656173251027e-16,8.599435874751796,0.7305554672615834,0
31.849718,78.5183682746154,0.000620697557673338,0.22071185184295264,8.704483135612225,42.610798185420514,0.7285181398544702,132.95982972295928,0.00043105352174276144,3.4744038941450917e-16,8.704483135612225,0.7285181398544702,0
32.308498,78.79326550597754,0.0006457448879396214,0.22421017859212267,8.81502965395441,43.19486336954438,0.7264228758291097,132.2584268908547,0.00045922013382212004,2.249067631932136e-16,8.81502965395441,0.7264228758291097,0
32.773887,79.06898340671091,0.0006720320802249248,0.22777467288616082,8.93146949240473,43.78507485684639,0.7242680242816303,131.54572149455646,0.0004893197113536084,-5.124840349104774e-17,8.93146949240473,0.7242680242816303,0
33.245979,79.34554814595367,0.0006996357986299288,0.23140711994305063,9.05423400384215,44.38130725135229,0.7220518963349613,130.82148763532837,0.0005214938423873643,4.4178467050582594e-16,9.05423400384215,0.7220518963349613,0
33.724872,79.62298839228708,0.0007286386727915688,0.2351094011225733,9.183797741116518,44.98341233807931,0.7197727402555208,130.08548823144827,0.0005558955652973279,1.5467911788962184e-17,9.183797741116518,0.7197727402555208,0
34.210663,79.90133240588607,0.0007591295274605326,0.2388834598524471,9.320682513887304,45.591208996945255,0.7174287631017985,129.33748235610324,0.0005926900150205847,2.1457292660942992e-16,9.320682513887304,0.7174287631017985,0
34.703452,80.18061039592743,0.0007912041956944271,0.24273133719737744,9.46546463029729,46.204483867818226,0.7150181099231607,128.57721874012293,0.0006320557837757367,-1.040531324287397e-16,9.46546463029729,0.7150181099231607,0
35.203338,80.4608522694715,0.0008249658977774075,0.24665514577856776,9.61878090005561,46.82298126701342,0.71253888119376,127.80444155671762,0.0006741857940580041,3.4710790400305373e-16,9.61878090005561,0.71253888119376,0
35.710426,80.74209159614006,0.0008605264131235261,0.2506571301393609,9.781339085164271,47.44640590393478,0.709989096070611,127.01887919591684,0.0007192891839721948,-3.226760003091191e-16,9.781339085164271,0.709989096070611,0
36.224818,81.02436059270207,0.0008980062520883049,0.2547396020382541,9.953924859356514,48.07440475598074,0.7073667347355628,126.22025773706082,0.0007675919817816976,-4.682850146243039e-16,9.953924859356514,0.7073667347355628,0
36.746619,81.30769352788911,0.0009375359216450411,0.2589049938928533,10.137415013298833,48.70656627376827,0.704669706303023,125.40829120509181,0.0008193391801854875,3.868024353924926e-17,10.137415013298833,0.704669706303023,0
37.275937,81.5921267131773,0.0009792569065286822,0.2631558660566868,10.332790968890373,49.342410579687005,0.7018958456935226,124.58268103576097,0.0008747965095363751,-1.2881521967247782e-17,10.332790968890373,0.7018958456935226,0
37.81288,81.87769691108406,0.0010233225106404062,0.26749489039432206,10.541153565753644,49.981374265371706,0.6990429263567128,123.743120195546,0.0009342520539379171,-7.607302076715384e-16,10.541153565753644,0.6990429263567128,0
38.357556,82.16444141574763,0.0010698990224403866,0.2719248580567146,10.763741724129469,50.62279667364633,0.6961086578423219,122.88929262041142,0.0009980183161964877,-5.558237632206405e-16,10.763741724129469,0.6961086578423219,0
38.910079,82.45240124445641,0.001119167559305915,0.27644873719677726,11.001957357833422,51.26591039784319,0.6930906501821489,122.02086316939119,0.0010664352569157935,1.1425564452679236e-17,11.001957357833422,0.6930906501821489,0
39.47056,82.74161644280198,0.0011713247796960732,0.28106960937978215,11.257388601565951,51.90981073170601,0.6899864589515373,121.13749104799285,0.0011398718130574592,4.02173918238723e-16,11.257388601565951,0.6899864589515373,0
40.039115,83.03213031327529,0.0012265852463066006,0.28579074541565763,11.53184566085037,52.553440821602194,0.6867935380714459,120.2388165047895,0.0012187297187228898,6.542096299499574e-16,11.53184566085037,0.6867935380714459,0
40.61586,83.32398685708114,0.0012851828386285214,0.2906155758189301,11.827398019299597,53.19555634855432,0.6835092631467343,119.32446789182688,0.0013034460368142476,-1.0690491027816934e-16,11.827398019299597,0.6835092631467343,0
41.200912,83.61723135963442,0.0013473729144412516,0.29554771124205126,12.146422815521616,53.83469055378925,0.6801309219522528,118.39405924471453,0.0013944967491207566,8.136367227251615e-17,12.146422815521616,0.6801309219522528,0
41.794392,83.91191193568476,0.0014134349821216456,0.3005909814682156,12.491665541827558,54.46911276626995,0.6766556923160005,117.4471845699469,0.0014924011113365476,-5.354186534972709e-17,12.491665541827558,0.6766556923160005,0
42.396421,84.20807756563492,0.0014836749288202427,0.3057494167154242,12.866310937924647,55.09676833823821,0.6730806599897405,116.4834231841877,0.0015977253532001461,1.357639365506056e-15,12.866310937924647,0.6730806599897405,0
43.007121,84.50577866965233,0.0015584280850501316,0.3110272720613465,13.274074315678645,55.71521008072419,0.6694028077535314,115.502337052749,0.0017110875729395587,-8.676920381918778e-17,13.274074315678645,0.6694028077535314,0
43.626619,84.80506909724758,0.0016380631011057346,0.31642908011781185,13.719318578929702,56.32151402086557,0.665618985113664,114.50346316050059,0.0018331638312608554,-1.0007461443769656e-15,13.719318578929702,0.665618985113664,0
44.25504,85.10600277129173,0.0017229849037267758,0.32195961015280583,14.20719416333842,56.91215981270397,0.6617259440145101,113.4863234733674,0.0019646927716728507,-7.75061355709344e-17,14.20719416333842,0.6617259440145101,0
44.892513,85.40863665454778,0.0018136397792009812,0.3276239418071381,14.743827987890926,57.48289180507468,0.6577202953826388,112.45041388512254,0.0021064833738584387,-7.426046131594042e-18,14.743827987890926,0.6577202953826388,0
45.539168,85.71302934838853,0.001910519919401046,0.33342746289086067,15.336559706203529,58.02852749903027,0.6535985196169635,111.39520752923136,0.002259421749631939,4.3915709780566016e-17,15.336559706203529,0.6535985196169635,0
46.195138,86.01924208848368,0.002014169330187941,0.33937591366133396,15.99425406985036,58.54271109180883,0.6493569454235613,110.32014986650938,0.0024244798501866227,0,15.99425406985036,0.6493569454235613,0
46.860558,86.32733830943691,0.002125190122195851,0.3454754073927022,16.72770935820786,59.01758180983478,0.644991746570971,109.22465849147079,0.002602724505664144,1.826475104324729e-15,16.72770935820786,0.644991746570971,0
47.535562,86.63738231591479,0.002244249314774352,0.35173243489756517,17.550198552610162,59.44332577093563,0.6404989517319697,108.10812613783946,0.0027953268868536546,-4.52373811745105e-16,17.550198552610162,0.6404989517319697,0
48.22029,86.94944255410489,0.00237208844597933,0.35815396495365737,18.478211871411222,59.80756968045563,0.6358743871035503,106.96990699447088,0.0030035760011327657,1.412632119221037e-15,18.478211871411222,0.6358743871035503,0
48.91488,87.2635879717697,0.002509531832890314,0.36474741015222795,19.532449587399014,60.09452587973388,0.6311137173735729,105.80932760763994,0.0032288893859638455,2.6348085814930977e-15,19.532449587399014,0.6311137173735729,0
49.619476,87.57989169395486,0.0026574992155961666,0.3715207465430141,20.7392193904932,60.28379389515562,0.6262123782083605,104.62567103760443,0.0034728301207842334,8.31444263824811e-16,20.7392193904932,0.6262123782083605,0
50.334221,87.89842786968329,0.0028170172739565903,0.37848249725001587,22.132367794433694,60.348623859119726,0.6211656092000435,103.41818575836919,0.0037371209790597257,1.1240422045644425e-15,22.132367794433694,0.6211656092000435,0
51.059262,88.21927393661517,0.0029892355597470996,0.3856418359454003,23.75604001354109,60.25336904804203,0.6159684031080749,102.18607424918946,0.004023664523359954,1.2963280694767675e-15,23.75604001354109,0.6159684031080749,0
51.794747,88.54250927448506,0.0031754431726844284,0.3930086203849426,25.668611001915917,59.94965532971407,0.6106155089577339,100.92849472849298,0.004334562781786013,2.120619863843218e-15,25.668611001915917,0.6106155089577339,0
52.540826,88.86821563792554,0.0033770891194817142,0.40059347209584495,27.94833802897586,59.37049687162949,0.605101405562932,99.64455586154338,0.004672140926538185,2.851632661883305e-16,27.94833802897586,0.605101405562932,0
53.297652,89.19647755108923,0.0035958061482661567,0.4084078657671769,30.701402530839648,58.42104684824175,0.5994202724577598,98.33331106716764,0.005038974090677741,1.447638981706081e-15,30.701402530839648,0.5994202724577598,0
54.065379,89.52738137257651,0.0038334377806263555,0.4164641981146573,34.072889803070865,56.96376834414109,0.5935659810431037,96.99375763162061,0.005437916159592695,-1.5771061010681068e-15,34.072889803070865,0.5935659810431037,0
54.844166,89.86101692533754,0.004092071977527827,0.42477593102710715,38.26001893294609,54.794339519828725,0.5875320379899897,95.62482497794247,0.005872135423384078,1.3799541652552581e-15,38.26001893294609,0.5875320379899897,0
55.63417,90.19747435783812,0.004374077116584395,0.43335763226304685,43.52113558191094,51.60287169591172,0.5813116104121795,94.22538172617578,0.006345148724073699,-3.6425151962027075e-15,43.52113558191094,0.5813116104121795,0
56.435554,90.53684739900154,0.004682149842930167,0.44222519126413135,50.15344660398711,46.91543956200787,0.5748974326004733,92.7942159524489,0.006860868731855359,1.0257658261482695e-15,50.15344660398711,0.5748974326004733,0
57.248482,90.87923098395207,0.005019367125905211,0.4513959151207144,58.34647085627012,40.02766489356729,0.5682818101688449,91.33003772656878,0.0074236496653414695,4.860482145588612e-15,58.34647085627012,0.5682818101688449,0
58.073119,91.2247209748517,0.005389250041530868,0.46088869785486813,67.66647509224433,30.026674739992842,0.5614565832326052,89.83147238376353,0.008038341776204652,4.689179671778606e-15,67.66647509224433,0.5614565832326052,0
58.909635,91.57341546501206,0.005795842057248347,0.4707242621649481,75.92892253497145,16.24389120111952,0.5544130522782235,88.29704580159341,0.0087103562272897,3.4602598338118366e-15,75.92892253497145,0.5544130522782235,0
59.758201,91.92541262898352,0.006243799259278533,0.4809253397212859,78.83629715359525,-0.46772133130485083,0.547141966061168,86.72518345138906,0.009445732299084492,4.508187807353221e-15,78.83629715359525,0.547141966061168,0
60.61899,92.28081056842794,0.006738501519193142,0.4915169424058834,73.96977501141271,-17.03259460571321,0.5396334653113993,85.11419972391786,0.010251217004491766,2.2286538469193307e-15,73.96977501141271,0.5396334653113993,0
61.492178,92.63970700981572,0.007286187318120462,0.5025266764388723,64.39772874405263,-30.477926168461774,0.5318770217869175,83.46228634795284,0.011134355185914109,2.654317564945454e-15,64.39772874405263,0.5318770217869175,0
62.377944,93.00219842050313,0.007894117327956576,0.5139850944915771,54.38365513736653,-40.09108288879136,0.523861381756515,81.76750175103825,0.012103590233778954,8.468660996505686e-16,54.38365513736653,0.523861381756515,0
63.276469,93.36837852448879,0.008570773704046224,0.5259260932351921,45.84322091486127,-46.58537920096903,0.5155745152431083,80.02776145305597,0.01316837612389729,1.849325083914593e-15,45.84322091486127,0.5155745152431083,0
64.187937,93.73833740637885,0.009326106536723684,0.5383874068062313,39.031561364501044,-50.86597174491783,0.5070035442994758,78.24082370951567,0.014339305279404016,4.889256388904795e-15,39.031561364501044,0.5070035442994758,0
65.112534,94.11215952144276,0.010171836830187377,0.5514111585890373,33.67305118487085,-53.62050671657649,0.49813468735440797,76.40427804053365,0.015628249009428608,2.9512135952913826e-15,33.67305118487085,0.49813468735440797,0
66.050449,94.48992218910274,0.011121834860471202,0.5650445420911405,29.43110092622417,-55.30943683380654,0.4889531840068939,74.51552889775951,0.017048516298623553,-2.307325526912567e-15,29.43110092622417,0.4889531840068939,0
67.001875,94.87169368473948,0.012192593673311674,0.5793406283523024,26.0287332927266,-56.23326953482802,0.4794432196484569,72.57177823593395,0.018615029923414378,3.8950491503695295e-15,26.0287332927266,0.4794432196484569,0
67.967006,95.25752926107626,0.01340382015926212,0.594359264308988,23.259442210419525,-56.58975851663629,0.4695878938356465,70.57001539589669,0.020344512905862866,3.0742283358803066e-15,23.259442210419525,0.4695878938356465,0
68.946038,95.6474682356597,0.014779188099216897,0.6101682113128608,20.97323466973851,-56.511584994716365,0.4593691582641481,68.50699836613967,0.022255696681251564,1.103242038190299e-15,20.97323466973851,0.4593691582641481,0
69.939174,96.0415320041572,0.01634730599279905,0.6268445810582459,19.06122009532555,-56.0897060956128,0.4487677238744875,66.37922578063126,0.02436955341716633,8.880500914014568e-16,19.06122009532555,0.4487677238744875,0
70.946615,96.43971572254605,0.018142938513942528,0.6444763214576242,17.44361807982563,-55.38773971419242,0.43776313649133525,64.18293848547069,0.026709511336067877,5.720432670524475e-16,17.44361807982563,0.43776313649133525,0
71.968567,96.84198546874882,0.020208615510879022,0.6631643067240389,16.061196637592165,-54.45094403725313,0.4263337170353206,61.91408776524656,0.029301706712020655,1.5078597987563695e-15,16.061196637592165,0.4263337170353206,0
73.005241,97.24827156674202,0.02259672378394685,0.6830247501656257,14.869361048518403,-53.311940070225795,0.4144566186371805,59.5683190875252,0.0321752201316268,6.037543847802959e-16,14.869361048518403,0.4144566186371805,0
74.056847,97.65845838549285,0.025372248252608517,0.7041920274292498,13.834082860041816,-51.99445482859953,0.4021080208877397,57.14097196724936,0.035362275942097024,1.5183314222390654e-15,13.834082860041816,0.4021080208877397,0
75.123601,98.07237788904152,0.028616453192755534,0.7268224068978082,12.929061603276374,-50.515813395464875,0.3892632686711708,54.62705417134964,0.038898437722145775,-1.3564694826461728e-15,12.929061603276374,0.3892632686711708,0
76.205721,98.4897973567827,0.03243180140425148,0.7510983945774409,12.133745006563634,-48.888658140275055,0.3758972637389153,52.02124610184694,0.0428227058670136,9.912702080516348e-16,12.133745006563634,0.3758972637389153,0
77.303429,98.91040778613899,0.03694865715689036,0.7772342153166815,11.431918392413094,-47.12215621531054,0.36198496101248345,49.317899286555985,0.04717752449769537,-1.4556207000757855e-16,11.431918392413094,0.36198496101248345,0
78.416948,99.33380859212568,0.04233447785040044,0.8054824279866765,10.810694405877493,-45.222886769594425,0.3475021632444788,46.51105788211828,0.052008607915078046,9.707443393398126e-16,10.810694405877493,0.3475021632444788,0
79.546508,99.75949391203261,0.04880664622786855,0.8361422653522027,10.259774071647245,-43.19550117983159,0.3324265184380098,43.5944725363737,0.05736457249761843,-1.2315036101069793e-15,10.259774071647245,0.3324265184380098,0
80.692338,100.18683181128858,0.056650471656739504,0.869569368336869,9.770911761169714,-41.04327328637416,0.31673912609442645,40.561669041517916,0.0632961873913849,4.93867707191145e-16,9.770911761169714,0.31673912609442645,0
81.854673,100.61504762404218,0.06624498884677102,0.9061878072799913,9.337513021529153,-38.76854532738115,0.3004265188905161,37.406004128663426,0.06985526308511311,1.037602894838022e-15,9.337513021529153,0.3004265188905161,0
83.033751,101.04320240842809,0.07810024583288361,0.9465035951612273,8.954340752327044,-36.373154119846795,0.2834835433936619,34.12077842100723,0.07709294051431831,-6.937371601185526e-16,8.954340752327044,0.2834835433936619,0
84.229813,101.47017225757226,0.09291208166906365,0.9911191270279219,8.617296253535393,-33.85884746031003,0.2659172407376305,30.699380902520716,0.08505730064772389,-4.495359592272536e-16,8.617296253535393,0.2659172407376305,0
85.443104,101.89462891065041,0.11164371472839998,1.0407458865685417,8.323258132138765,-31.227720020461287,0.24775213656202313,27.135476728821345,0.0937901566591087,-3.710561510784967e-16,8.323258132138765,0.24775213656202313,0
86.673872,102.31502238759958,0.1356487878961516,1.096208806062569,8.069966704368216,-28.482697292678758,0.22903756027618122,23.42325358587334,0.10332290518548962,2.227293558367241e-16,8.069966704368216,0.22903756027618122,0
87.922369,102.72956950794473,0.1668589194051967,1.1584273776401801,7.855943348983033,-25.628077440497147,0.20985783926347126,19.557719658398355,0.11367142934389929,7.247080561696084e-16,7.855943348983033,0.20985783926347126,0
89.188849,103.13624968972165,0.20807071205747008,1.2283394556751437,7.6804391387979845,-22.670155763285134,0.19034693508340025,15.535068682843985,0.12483010596553881,-1.1826831552703177e-15,7.6804391387979845,0.19034693508340025,0
90.473572,103.53281468783379,0.2633819221869767,1.3066932598876926,7.543406308589339,-19.61791894126546,0.17070993077702787,11.353078141259175,0.13676527371442004,1.221148676953044e-15,7.543406308589339,0.17070993077702787,0
91.776802,103.91681229199787,0.33883144832225803,1.3935431411320625,7.4454909268389535,-16.48383672469221,0.15125589882992904,7.011562617180971,0.14940860106478854,-1.45308570296352e-15,7.4454909268389535,0.15125589882992904,0
93.098803,104.28562946936644,0.4432472408553118,1.4871005750793642,7.38804239827816,-13.284733696901233,0.13244891435157113,2.512844941345179,0.16265121700095903,-2.262482286819301e-15,7.38804239827816,0.13244891435157113,0
94.439848,104.6365619587151,0.5890388872231199,1.5812507373600764,7.373136718778124,-10.04268536385795,0.11498452951723653,-2.13784664652394,0.17633989021507845,-1.24559428698748e-15,7.373136718778124,0.11498452951723653,0
95.80021,104.96690238691394,0.7917132377703551,1.6606195078109376,7.403612025895692,-6.785986359766961,0.09988564301866507,-6.932003043099257,0.19027626104952672,8.785229691424401e-16,7.403612025895692,0.09988564301866507,0
97.180167,105.27405397876839,1.0643085947820035,1.69258098495128,7.48310956409219,-3.5500825242957976,0.0885409340772559,-11.857648660194172,0.20422070357664127,9.094141429738638e-16,7.48310956409219,0.0885409340772559,0
98.580001,105.55565819786156,1.398948462364751,1.621188016611465,7.616111980575039,-0.3784874415378043,0.08244657291868557,-16.899337813101965,0.2179014850069402,-3.4313381310562244e-16,7.616111980575039,0.08244657291868557,0
100,105.8097286174023,1.733454971027541,1.384939754718759,7.8079611412647525,2.6763548414176603,0.08242613643089408,-22.038411013689483,0.2310293902787275,1.1919050534087462e-15,7.8079611412647525,0.08242613643089408,0
101.440453,106.03477571524445,1.944565681345139,0.9843208301039402,8.064820368386961,5.552243890429711,0.08789625553712303,-27.253496166896184,0.2433167134725043,-1.6006237505729931e-15,8.064820368386961,0.08789625553712303,0
102.901655,106.2299109043343,1.9383658952281724,0.5351026775014006,8.393519462134027,8.176479190234648,0.09719159377696582,-32.521300156035295,0.25449863692834773,2.7036260512016825e-15,8.393519462134027,0.09719159377696582,0
104.383905,106.3949128807497,1.7504586173079835,0.18184347589398905,8.801165552540036,10.465220871430398,0.1085154897836411,-37.817572210774074,0.2643538612656958,1.4888258332604516e-15,8.801165552540036,0.1085154897836411,0
105.887506,106.53024861912874,1.491673225405276,-0.022554575330402317,9.294322314684594,12.32319717908526,0.12047286937470375,-43.1181790466527,0.27272140908264214,2.1760185083584365e-15,9.294322314684594,0.12047286937470375,0
107.412766,106.63704556069953,1.24411712896828,-0.10678419102865061,9.877439870972767,13.644338385542497,0.13211754364961728,-48.400175696650194,0.27951101435028847,-1.5499120074332081e-15,9.877439870972767,0.13211754364961728,0
108.959997,106.71701878704546,1.0388385104788953,-0.11759426841433808,10.55008534600513,14.314590345724662,0.14284268838887357,-53.64275063539537,0.2847057569064541,-2.56589942959867e-15,10.55008534600513,0.14284268838887357,0
110.529514,106.77236368830083,0.8782303342999536,-0.0897643632422206,11.302498422508052,14.219208055542243,0.1522755114355043,-58.82796441973119,0.28835715965661235,-1.9395750779661887e-15,11.302498422508052,0.1522755114355043,0
112.12164,106.80562814940478,0.7551009184363924,-0.0437000628005677,12.109393373501131,13.257951549630546,0.16020441053377274,-63.94124946108451,0.290574289891822,4.915149308783612e-15,12.109393373501131,0.16020441053377274,0
113.736699,106.81957849014081,0.661056584015506,0.009802246574928461,12.923313393840347,11.371652897527962,0.16653090090739012,-68.97160120693144,0.291509168867114,-3.471964965607072e-15,12.923313393840347,0.16653090090739012,0
115.375023,106.81707299453949,0.5890467874411796,0.06535945955669094,13.671682484174154,8.579857551120774,0.1712367831303619,-73.91157133722231,0.29134104232386804,-5.750004903282101e-15,13.671682484174154,0.1712367831303619,0
117.036946,106.80095186242296,0.5337266485433778,0.12044392350516445,14.264517716720048,5.018780589956126,0.1743603480230993,-78.75702563860818,0.2902615809958579,-5.458777555568052e-15,14.264517716720048,0.1743603480230993,0
118.722808,106.77394929100018,0.49119644279494185,0.1739926411545238,14.617586947059708,0.9548246881508655,0.17597850900807419,-83.50679956600885,0.28846245764797346,6.5865305980077145e-15,14.617586947059708,0.17597850900807419,0
120.432955,106.73862909307913,0.45865029379367506,0.22568072287673296,14.683902201356938,-3.251940211262895,0.17619315577892183,-88.1622666944757,0.2861259710002037,-6.524221643691014e-15,14.683902201356938,0.17619315577892183,0
122.167735,106.69734275678786,0.43407975275246774,0.2755465485608247,14.473278544761586,-7.2312987264735265,0.17512084347005885,-92.72687349659094,0.28341879411955456,6.06727507179941e-15,14.473278544761586,0.17512084347005885,0
123.927504,106.65220650462456,0.41605375956939267,0.3237992637227971,14.044706859331399,-10.691040471713437,0.17288520685038106,-97.20571596597199,0.28048847464304866,0,14.044706859331399,0.17288520685038106,0
125.712621,106.60509386724826,0.40356375691953367,0.37071967399261535,13.478871264820425,-13.463002221142055,0.16961161716080128,-101.60512626057005,0.27746215620497505,5.283537944550898e-15,13.478871264820425,0.16961161716080128,0
127.523453,106.55763928839141,0.3959171816096869,0.4166096200911932,12.851257675627684,-15.496762466374133,0.16542365208579535,-105.93233865140854,0.27444688069248935,1.201652863661327e-15,12.851257675627684,0.16542365208579535,0
129.360368,106.51124965712098,0.3926658006200974,0.46176555339880043,12.218284869058895,-16.823873586010397,0.1604410378199714,-110.19518397258412,0.2715309480250553,-8.847394266334526e-17,12.218284869058895,0.1604410378199714,0
131.223743,106.4671200314743,0.3935587407631431,0.5064644068891129,11.615598267933501,-17.519191605744194,0.15477869445328346,-114.40187704416905,0.2687858323162046,4.8122723005358385e-15,11.615598267933501,0.15477869445328346,0
133.11396,106.42625190235012,0.39851352340180696,0.5509540217280373,11.06237046436731,-17.67254900069965,0.1485466887168778,-118.56082671626058,0.2662683581947859,4.0236538297380624e-16,11.06237046436731,0.1485466887168778,0
135.031404,106.38947186663378,0.4076004557396863,0.5954441367677126,10.566762442250575,-17.37241479692336,0.14185087819034167,-122.68049633485032,0.26402287560647164,4.604445323056775e-15,10.566762442250575,0.14185087819034167,0
136.976468,106.35744944567271,0.4210374426963219,0.6400947894528122,10.130403158135325,-16.69835221507105,0.13479409197328698,-126.76931631081112,0.26208327964707245,3.811962824443532e-15,10.130403158135325,0.13479409197328698,0
138.949549,106.33071361775276,0.4391930426912611,0.6849986466704624,9.751461908186089,-15.718673239872516,0.12747782798745758,-130.8356065410576,0.2604748112396446,-3.5107480056604515e-16,9.751461908186089,0.12747782798745758,0
140.951052,106.30966729398891,0.4625959908852954,0.7301540001164822,9.426548504153274,-14.490714012373116,0.12000437935549384,-134.88753862204544,0.25921557916741367,-1.3496783356204992e-16,9.426548504153274,0.12000437935549384,0
142.981386,106.29459979390055,0.4919487216465783,0.7754232415261227,9.151810746688072,-13.062224638882952,0.11247944383179179,-138.93309809689782,0.25831780969468743,-2.4744758372143664e-15,9.151810746688072,0.11247944383179179,0
145.040966,106.28569707264516,0.528140968609117,0.8204706327168115,8.92352891293283,-11.473087316975588,0.1050151525478863,-142.9800706569685,0.25778881933920345,2.082685906304174e-15,8.92352891293283,0.1050151525478863,0
147.130213,106.28304990224059,0.5722557377431091,0.8646706822772912,8.738416332793559,-9.757009969942027,0.09773345471418864,-147.03603116819068,0.25763173629355207,1.474956249870606e-15,8.738416332793559,0.09773345471418864,0
149.249555,106.28666012661384,0.6255532308092447,0.9069771395453824,8.593755276333168,-7.943060098951303,0.09076953550441243,-151.10833794282223,0.25784599070205205,2.76652731918705e-15,8.593755276333168,0.09076953550441243,0
151.399424,106.29644518718638,0.6894063336234034,0.9457434303478817,8.48744541950677,-6.057016601763967,0.08427450751301525,-155.20411949861824,0.25842759677798927,3.726972594178885e-15,8.48744541950677,0.08427450751301525,0
153.580262,106.31224120216686,0.7651433148086789,0.9784940610425755,8.418007791316697,-4.12254892449101,0.07841574409774144,-159.33027603144944,0.2593692525107057,-6.434792330086705e-16,8.418007791316697,0.07841574409774144,0
155.792513,106.33380479727599,0.8537282383800133,1.001671316484894,8.384568923788278,-2.1622814883775803,0.07337222756354299,-163.49344938585773,0.2606602754935159,2.791506734847825e-15,8.384568923788278,0.07337222756354299,0
158.036631,106.36081416524696,0.9551918719232763,1.0104409190331534,8.386834873153346,-0.19875841045769627,0.06932134869003785,-167.7000166849994,0.26228640873803677,3.2553380583253675e-15,8.386834873153346,0.06932134869003785,0
160.313075,106.39286953871952,1.0677434564468693,0.9987463345349215,8.42505905383453,1.7446279942935161,0.06641493527353269,-171.95605101321172,0.26422951285121404,-1.752681229143941e-16,8.42505905383453,0.06641493527353269,0
162.622309,106.42949359741856,1.1866260434938876,0.9599433233606148,8.499999532066617,3.6427305454747603,0.06474723726332517,-176.2672820781401,0.2664671825140987,-1.7119953833774887e-15,8.499999532066617,0.06474723726332517,0
164.964807,106.47013234961912,1.3031094556069147,0.8884061585253551,8.612856253101983,5.467743212953641,0.0643257341361481,179.36094411435283,0.26897233003521076,1.2593730798141097e-15,8.612856253101983,0.0643257341361481,0
167.341048,106.51415675550149,1.4045081078203194,0.782198421861196,8.765169568270109,7.188287836998456,0.06505974402888273,174.92373468878225,0.27171276738174954,-4.898742158666868e-16,8.765169568270109,0.06505974402888273,0
169.751517,106.56086588622286,1.4763187317176276,0.6459731620141848,8.958651305318417,8.768537718790013,0.0667744682110724,170.4167179843937,0.2746508572064318,-1.1309107365213665e-15,8.958651305318417,0.0667744682110724,0
172.196708,106.60949217689664,1.5066553496014248,0.4921118533796844,9.19490460382895,10.167459859201792,0.06924340886578365,165.8361162718951,0.27774329784946317,3.884902392001704e-16,9.19490460382895,0.06924340886578365,0
174.677121,106.65920919491248,1.4910465485297053,0.33824468430734533,9.4749688397187,11.33834601936397,0.07222362204596348,161.17883544436756,0.28094110722212756,4.487658033099919e-15,9.4749688397187,0.07222362204596348,0
177.193263,106.70914265633492,1.4343702978575805,0.20173653625695553,9.798608084504588,12.228955573546163,0.07548198261223964,156.44254914316332,0.2841898977952135,-3.405147624606256e-15,9.798608084504588,0.07548198261223964,0
179.745648,106.75838503503086,1.348468367788867,0.09443602419951193,10.16325277298348,12.78278633304075,0.07880941635880821,151.6257814336418,0.28743051544927667,-4.4784839190077576e-15,10.16325277298348,0.07880941635880821,0
182.3348,106.80601409335642,1.2473469485975843,0.0206809087518668,10.562537389969197,12.942246646480271,0.08202590025956216,146.72797395565783,0.2906001134694883,2.554052225189559e-15,10.562537389969197,0.08202590025956216,0
184.961247,106.85111510340208,1.143092446896147,-0.021330406410135366,10.984500716258125,12.654710503016549,0.08498035175055194,141.74955263153674,0.2936336884818063,5.46217803250743e-16,10.984500716258125,0.08498035175055194,0
187.625527,106.89280681088847,1.044055596542578,-0.03674981613377512,11.409812344326166,11.882361585891655,0.08754856371211017,136.6919460151903,0.29646610751648445,-2.0203792648980453e-15,11.409812344326166,0.08754856371211017,0
190.328185,106.93026999802657,0.9549369745931887,-0.031647133015763405,11.810870098816205,10.615892620468468,0.0896308925432143,131.55758678476263,0.2990345507262926,-4.997330978230587e-16,11.810870098816205,0.0896308925432143,0
193.069773,106.96277770229257,0.8777332089069536,-0.011582481158462783,12.15312347073586,8.890031416824947,0.09115043498921789,126.34986650174608,0.3012812748990046,1.875714889669425e-15,12.15312347073586,0.09115043498921789,0
195.850852,106.98972547191312,0.8127722002787922,0.018955044568165498,12.399930323936733,6.795626501807242,0.09205184061344249,121.07304028847489,0.30315652302524587,9.520969598643802e-16,12.399930323936733,0.09205184061344249,0
198.671992,107.01065971078526,0.7595128338510208,0.056600539385282166,12.520884125192834,4.4805403200836285,0.09230064406348991,115.73208687277179,0.3046213519732134,7.921602044341767e-15,12.520884125192834,0.09230064406348991,0
201.533769,107.02530209267064,0.7170644662430697,0.09894646665955302,12.500923271583858,2.1333840215634146,0.09188291866867869,110.33252752046349,0.30565012622031723,-7.543446781301679e-15,12.500923271583858,0.09188291866867869,0
204.436768,107.03356811082485,0.6844876970710193,0.1443192289950167,12.345633462177352,-0.048053574938812335,0.0908050510213286,104.88019269020538,0.3062324305099231,-7.701288697256006e-16,12.345633462177352,0.0908050510213286,0
207.381584,107.03557794869243,0.6609528015878694,0.19157051074657366,12.079543330580872,-1.8923742305276892,0.08909347827802518,99.38096165960292,0.30637418224723395,1.0890257571248975e-15,12.079543330580872,0.08909347827802518,0
210.368818,107.03165847908141,0.6458150811016975,0.2399046168024291,11.738467482359408,-3.280091733601107,0.08679430675657047,93.84049396517082,0.30609780696658745,1.792889435219678e-15,11.738467482359408,0.08679430675657047,0
213.399082,107.02233581635254,0.6386455651956676,0.28874075276358013,11.3602291154929,-4.151747843433694,0.08397278527475828,88.26394195010357,0.3054414352937488,-2.7631449676415485e-15,11.3602291154929,0.08397278527475828,0
216.472995,107.00831854285845,0.6392394035892076,0.33760036592875,10.977771999217664,-4.500938630979278,0.08071267862295811,82.65569396935723,0.3044571828258412,-9.158919214926335e-16,10.977771999217664,0.08071267862295811,0
219.591187,106.99047242329571,0.6476126310686338,0.38600808710532347,10.616068445984645,-4.359803332157706,0.07711557949173067,77.01913149290522,0.30320866797936613,-7.379545241923255e-17,10.616068445984645,0.07711557949173067,0
222.754295,106.96978804455574,0.6639898939764443,0.4333943606639237,10.292052907431652,-3.7839234655156835,0.07330016921136273,71.35644175693278,0.3017679931315239,5.14742057675986e-15,10.292052907431652,0.07330016921136273,0
225.962966,106.94734308889568,0.6887785119108663,0.4789892450982955,10.016118633873802,-2.840388254385129,0.06940124069737616,65.6684672853936,0.3002124364138339,3.4059383405108334e-15,10.016118633873802,0.06940124069737616,0
229.217857,106.92426121499415,0.7225162268292313,0.521698554085555,9.794023923844792,-1.5999521211656373,0.06556799323537271,59.95461551863923,0.2986211005544141,-1.1544810077442662e-15,9.794023923844792,0.06556799323537271,0
232.519632,106.90166944916562,0.7657695352459211,0.5599590787181867,9.628596495890756,-0.1327302010460551,0.061960586707384864,54.21282954871458,0.29707172300198503,-2.6695097225532493e-16,9.628596495890756,0.061960586707384864,0
235.868968,106.88065569373536,0.8189468607263435,0.5915829814385123,9.521026340262532,1.49355897513892,0.058743350480059645,48.43959756168897,0.2956377848725712,-9.242016447973734e-16,9.521026340262532,0.058743350480059645,0
239.26655,106.8622279066807,0.8819792524056727,0.6136295470559814,9.47174318725256,3.2136943677790866,0.05607287879498397,42.63003261424569,0.29438600561814415,5.063041817260587e-15,9.47174318725256,0.05607287879498397,0
242.713072,106.84727594584088,0.9538262295767236,0.6223950563408197,9.480939529808714,4.9640707626513505,0.05408024870818445,36.77798868604032,0.2933742313805572,-1.3192307594033875e-15,9.480939529808714,0.05408024870818445,0
246.20924,106.83653699739408,1.0318161590540782,0.6136851333228592,9.548798456411154,6.681297337426644,0.052849688901781045,30.876216093663288,0.29264969103443217,-2.7987549440572582e-15,9.548798456411154,0.052849688901781045,0
249.755769,106.83056535840288,1.1109760246960712,0.5835895080911992,9.67545085374809,8.300621478335154,0.05240021787457895,24.916566081025167,0.292247568180677,3.795248098441397e-15,9.67545085374809,0.05240021787457895,0
253.353383,106.82970724572753,1.1837587313653797,0.5298997376013733,9.860641206247601,9.754525482161839,0.05267854281719784,18.89022626710357,0.2921898293470021,2.4965460653319773e-15,9.860641206247601,0.05267854281719784,0
257.00282,106.83408150701935,1.240793417844422,0.45393029189354483,10.103035413210334,10.971952037063165,0.05356753559431722,12.78798128972835,0.29248427438264357,-4.9930904190698e-16,10.103035413210334,0.05356753559431722,0
260.704825,106.84356729719144,1.2730770284142408,0.36184571472393506,10.399069930666922,11.878852412918963,0.05490680719896964,6.6005242553007974,0.29312381200672677,-3.1671727398042545e-15,10.399069930666922,0.05490680719896964,0
264.460155,106.85780006362518,1.2750750074935537,0.264228763047249,10.741261245470328,12.401130169200485,0.056516821600415545,0.31877457357234107,0.294086017747598,-3.963866403756894e-15,10.741261245470328,0.056516821600415545,0
268.26958,106.87617746153637,1.2470462562195193,0.1734019733542135,11.116036205957586,12.471397085533809,0.058219074676135685,-6.06577810801457,0.2953330947719979,-5.444736732639013e-15,11.116036205957586,0.058219074676135685,0
272.133877,106.89787686219277,1.194966149423931,0.0997347090766133,11.501527483596261,12.040959129508598,0.05984940052472993,-12.56071031387637,0.29681241080945386,3.3420154607931033e-15,11.501527483596261,0.05984940052472993,0
276.053838,106.92188612973439,1.1281075578873,0.04907783059435873,11.866469964911028,11.09730849487843,0.061265250921118904,-19.172333843218098,0.2984578342223927,-5.028953310753338e-16,11.866469964911028,0.061265250921118904,0
280.030263,106.94704854228337,1.0559621659203184,0.022459474718906185,12.17206838051054,9.68421080367852,0.06234920258891194,-25.905372466031167,0.30019207613728294,-6.333397422468457e-15,12.17206838051054,0.06234920258891194,0
284.063968,106.97212197252563,0.9861383867807837,0.01747040925044751,12.378591581690934,7.916406649416673,0.06301076215760147,-32.76272602488535,0.3019302088795768,-2.945209276413363e-15,12.378591581690934,0.06301076215760147,0
288.155776,106.99585050504686,0.9236963967721006,0.030069919861715318,12.456243781945005,5.9773350371160445,0.06318774704278472,-39.745300858246765,0.30358437873902605,-2.6910625032879876e-15,12.456243781945005,0.06318774704278472,0
292.306525,107.01704505941736,0.871468727863904,0.055951986162470706,12.395957828737513,4.092193147834143,0.06284781335334608,-46.8519964866764,0.3050695603311129,5.857401670665983e-15,12.395957828737513,0.06284781335334608,0
296.517063,107.03466704547515,0.8307463173596242,0.0912624631766504,12.213706908242063,2.4820932232170887,0.06199017674155772,-54.07982352124441,0.30630992907923393,4.9993611712976066e-15,12.213706908242063,0.06199017674155772,0
300.788252,107.04790754651276,0.8019361228802164,0.13281617664160272,11.945321145914399,1.3184180834243322,0.06064726454558567,-61.42420285678696,0.307245212802471,-3.3126852412691583e-15,11.945321145914399,0.06064726454558567,0
305.120965,107.05625329816316,0.7850432218633719,0.17802869294496707,11.635241300484953,0.6963802577689838,0.05888583344790317,-68.87941223561597,0.30783620755525626,-1.6130388652850384e-15,11.635241300484953,0.05888583344790317,0
309.51609,107.05953114024994,0.7799652737638848,0.22471805265361663,11.325702302595351,0.633295193591343,0.05680690116362156,-76.43917515785813,0.30806863495216247,-3.768254895280688e-15,11.325702302595351,0.05680690116362156,0
313.974523,107.05792430238913,0.786628993918018,0.27085898490083193,11.050494651683898,1.08371167595217,0.05454358394093568,-84.09731075795855,0.3079546743095075,2.6812346035430953e-15,11.050494651683898,0.05454358394093568,0
318.497179,107.05195708833138,0.8049911709157223,0.31432666821182204,10.833475634009742,1.95971921952446,0.052255496097000524,-91.84842849514297,0.3075318345862941,-4.207433760349921e-15,10.833475634009742,0.052255496097000524,0
323.084981,107.04244845665109,0.8349021231449282,0.35265280041167235,10.689896141150083,3.148455265963274,0.050117948478402646,-99.68852708436998,0.3068592476184575,-2.8198140760744148e-15,10.689896141150083,0.050117948478402646,0
327.738869,107.0304390465088,0.8758055443642755,0.3828365828665875,10.628567349503736,4.523983096583915,0.048304214262716805,-107.61550356789087,0.3060118714428738,2.660356210941772e-15,10.628567349503736,0.048304214262716805,0
332.459793,107.01709955155627,0.9262464264257536,0.4013063079581181,10.653651565224438,5.954037678344071,0.04696086258965766,-115.62946038969369,0.3050733881479148,-6.681862532072592e-15,10.653651565224438,0.04696086258965766,0
337.24872,107.00363030007557,0.9832177857555834,0.4042079955536237,10.765509286694742,7.303575010181593,0.04618024610553034,-123.73283393741792,0.3041286962577181,-4.363228444148885e-15,10.765509286694742,0.04618024610553034,0
342.10663,106.99116253785638,1.0415491482271264,0.3882458025182972,10.960370668568652,8.437542436294903,0.045979155598414014,-131.93029898876898,0.303256853105265,-4.147177444455438e-15,10.960370668568652,0.045979155598414014,0
347.034515,106.98067096160615,1.0938234025788376,0.35216455558313453,11.228757851495732,9.22562929175007,0.04629349575309072,-140.2284930933817,0.30252513705605266,2.050061214396257e-15,11.228757851495732,0.04629349575309072,0
352.033384,106.9729051802277,1.1314798036839393,0.2984671209004359,11.552833239368528,9.552094106079247,0.046992346744022036,-148.63560430918943,0.3019846639553633,2.7608216638206366e-15,11.552833239368528,0.046992346744022036,0
357.10426,106.96834526410201,1.1473291557326024,0.23424815446403688,11.903496166777273,9.333504595082587,0.047905170858566215,-157.16084964505876,0.301667758689679,-4.180612421397553e-15,11.903496166777273,0.047905170858566215,0
362.248179,106.96718358197953,1.1384914585758978,0.16993728202615305,12.239275736801687,8.544790592312038,0.048851421991847714,-165.81391822006464,0.3015870772185566,1.8872671506641394e-15,12.239275736801687,0.048851421991847714,0
367.466194,106.96933218314192,1.1078116542737813,0.11606333995644216,12.510290015907406,7.247495730629164,0.0496647071572438,-174.60444126421714,0.30173631942389234,-3.3215598628025758e-15,12.510290015907406,0.0496647071572438,0
372.759372,106.97445211038983,1.0626349251342904,0.0799211438671316,12.669730944168261,5.604647648695699,0.05020922327651996,176.45848040321528,0.3020922481896449,-1.1470946099006105e-15,12.669730944168261,0.05020922327651996,0
378.128796,106.98199853713801,1.0119071079575142,0.06411832745475636,12.690348147240085,3.86287800732507,0.050389853491458636,167.36663338195604,0.30261762875884757,-8.198825223901333e-15,12.690348147240085,0.050389853491458636,0
383.575563,106.99127396001688,0.9635622291211668,0.06726993306634875,12.5767742386172,2.2962338890447636,0.05015816271887955,158.11292991638015,0.30326463353274585,-2.355533350510452e-15,12.5767742386172,0.05015816271887955,0
389.100789,107.00148136739273,0.9232999501442101,0.08567344087233426,12.364602184625696,1.1333987867448747,0.04951579429260401,148.69151446542082,0.3039782475513676,-3.943032167728129e-15,12.364602184625696,0.04951579429260401,0
394.705603,107.01177078190959,0.894585991347339,0.11478480718939936,12.106807996793224,0.5039613535436769,0.0485155498597342,139.0977998386444,0.30469929431418996,-5.202900344024613e-15,12.106807996793224,0.0485155498597342,0
400.391152,107.02127619814084,0.8791937938992315,0.15002820096694203,11.857111658269202,0.42340915879804253,0.04725918036571821,129.32844503572346,0.3053669209167703,-9.040465985135656e-16,11.857111658269202,0.04725918036571821,0
406.158599,107.02914503737017,0.8777395084100823,0.1870177422066411,11.658847944051399,0.8096804255405741,0.04588974286811245,119.38135948929084,0.30592070676365724,-1.6163535564127608e-15,11.658847944051399,0.04588974286811245,0
412.009123,107.03456787317609,0.8899410447572697,0.22145562757136117,11.540981557055943,1.5122452718340307,0.044575616240553895,109.25576410835674,0.3063029344904657,-4.321108365324343e-15,11.540981557055943,0.044575616240553895,0
417.943921,107.0368196991531,0.9145184268059915,0.2489803533234935,11.518227984958031,2.3400344232464234,0.04348409031809856,98.95225518821917,0.3064617943840243,-6.312224402156157e-15,11.518227984958031,0.04348409031809856,0
423.964207,107.03532497415932,0.9487718208938154,0.26524646127749923,11.591744398883328,3.085111492949652,0.042746301774579394,88.47294315558781,0.3063563366121466,-6.275966927184876e-15,11.591744398883328,0.042746301774579394,0
430.071212,107.02975068962537,0.988043764773989,0.266522135441662,11.748477541148562,3.5461788941287646,0.04242274299848216,77.82137807464153,0.30596337239577015,-4.405701483776855e-15,11.748477541148562,0.04242274299848216,0
436.266186,107.02012134736242,1.0255620592661385,0.2509770875819687,11.959313863583859,3.5585738885283615,0.0424839799367024,67.00218043294342,0.3052857303059239,1.6610465695291806e-16,11.959313863583859,0.0424839799367024,0
442.550395,107.0069316532884,1.0533991451381326,0.22033292916329075,12.178671554976024,3.034146223525532,0.04281764439950379,56.02030894357938,0.3043599720402841,2.8740573752153043e-15,12.178671554976024,0.04281764439950379,0
448.925126,106.99121744939168,1.0648991668804648,0.18073572755238343,12.35034189027347,2.002986610089879,0.04325978559467028,44.879751964972115,0.3032606874631406,4.7110147607184274e-15,12.35034189027347,0.04325978559467028,0
455.391681,106.97453760611796,1.0576132857681557,0.141509339763811,12.423157016111963,0.6326013442097479,0.04363697879284805,33.5818410978859,0.3020981952721021,-6.630656562518009e-15,12.423157016111963,0.04363697879284805,0
461.951385,106.95882308279862,1.0346591980988424,0.11185008587901345,12.372087310960277,-0.8051735479526514,0.04380471274513369,22.12349347594079,0.30100705762070296,-4.459606785896602e-15,12.372087310960277,0.04380471274513369,0
468.605578,106.94607463267216,1.0033244946543247,0.09750823535416586,12.210884085853252,-2.0219376693261344,0.04367417534490106,10.495773242251971,0.3001247653189808,-1.2703289939621768e-15,12.210884085853252,0.04367417534490106,0
475.355621,106.93792578062485,0.9720695648046287,0.09951131579381725,11.985575199288192,-2.812543819004758,0.043226216893793044,-1.3166553976969908,0.29956215644757017,4.990464297361413e-15,11.985575199288192,0.043226216893793044,0
482.202895,106.93513347922298,0.9480090535390201,0.11499754084086287,11.754115076181884,-3.1137042124467165,0.042513871275808954,-13.334529354832966,0.2993696145162595,1.8765785895105647e-15,11.754115076181884,0.042513871275808954,0
489.148802,106.9371137064695,0.9358050176225866,0.13881199353177393,11.566635067148807,-3.004779633893821,0.04165363137607449,-25.581269028288716,0.2995061474599195,-4.816850207249606e-16,11.566635067148807,0.04165363137607449,0
496.19476,106.94167522680544,0.9375364825643496,0.16475512042171528,11.454298281724189,-2.6714123816222712,0.04080350467104623,-38.07832511920844,0.2998208926782063,-4.609736162871923e-15,11.454298281724189,0.04080350467104623,0
503.342213,106.94513018611032,0.9527361195980797,0.18630711445549736,11.42502933221556,-2.3554090014259796,0.04012532446868941,-50.839410940957805,0.3000595052256372,-1.3473508201035728e-15,11.42502933221556,0.04012532446868941,0
510.592621,106.94291791740228,0.9781448949841736,0.19729827405570613,11.461810660655212,-2.2973221216496205,0.03973499099474846,-63.86489938327213,0.29990669572898726,-5.645054482365008e-15,11.461810660655212,0.03973499099474846,0
517.947468,106.93075199096855,1.0073969678308239,0.19318731564216218,11.523145888576549,-2.667139564707734,0.0396570257389461,-77.13852898341258,0.29906774031245814,-1.5991129246017007e-15,11.523145888576549,0.0396570257389461,0
525.408258,106.90607170245329,1.0315959747757772,0.1731792746847407,11.551004102711063,-3.4897782041553063,0.03980863806678295,-90.62884510292758,0.29737300429152963,-1.6042171987297556e-15,11.551004102711063,0.03980863806678295,0
532.976517,106.8693308082718,1.041915252078137,0.14215222537243766,11.491831720916464,-4.6035465112482745,0.04002750852422356,-104.29649379628313,0.2948678689072683,-2.716932662882653e-15,11.491831720916464,0.04002750852422356,0
540.653794,106.82453601653933,1.0338327321720018,0.1101091518876035,11.32421027596558,-5.705248395935755,0.040131367600481936,-118.1065885373622,0.2918421202655267,-2.129784636501957e-15,11.32421027596558,0.040131367600481936,0
548.441658,106.77860805671011,1.0100360936288162,0.08807931882559338,11.072009954371248,-6.483577168791001,0.039980365004493854,-132.04244601829134,0.28877206325508503,4.788638735097862e-15,11.072009954371248,0.039980365004493854,0
556.341702,106.73952934036926,0.9792097365519538,0.08302614612832891,10.790262355488428,-6.758319632480159,0.03951908091391887,-146.11593547400145,0.28618528808569943,2.635941045171849e-15,10.790262355488428,0.03951908091391887,0
564.355543,106.71368979660868,0.9518219449606694,0.0955373751293354,10.537270989334036,-6.5395743836319475,0.03879117931340279,-160.36998374309906,0.2844876054854412,-3.0875912648183178e-15,10.537270989334036,0.03879117931340279,0
572.48482,106.70314258937053,0.9363916464005162,0.12087425592288192,10.353631011406547,-6.001955617526713,0.037929673322752336,-174.8707212761654,0.2837975416553624,2.8141799380375112e-15,10.353631011406547,0.037929673322752336,0
580.731195,106.70363910374063,0.9378410019035046,0.1511611327737447,10.253259736825433,-5.418650307075177,0.037124068691245925,170.31079279870835,0.2838299891348189,5.4253530498837976e-15,10.253259736825433,0.037124068691245925,0
589.096355,106.70440084284544,0.9570235613790326,0.17702595062015938,10.220322200653284,-5.080803968132141,0.03656106154991113,155.12473125235965,0.28387977640423095,4.622693526132317e-15,10.220322200653284,0.03656106154991113,0
597.582011,106.69050291051425,0.9900666982735982,0.18892201237465053,10.20948021727415,-5.195262400910903,0.036344667902113534,139.56935156342809,0.28297277987605596,3.19750559726492e-15,10.20948021727415,0.036344667902113534,0
606.189899,106.6480275999057,1.0274765553939633,0.17955872367162762,10.157253188921143,-5.767818957566671,0.03643205430836773,123.70617261370478,0.28021871048316804,-4.104080937191144e-15,10.157253188921143,0.03643205430836773,0
614.92178,106.57052460919931,1.0550986611504596,0.1482820276036277,10.012732752755992,-6.548322337637076,0.03663864781042192,107.64949735783023,0.27526236132067744,1.8861071411489364e-15,10.012732752755992,0.03663864781042192,0
623.77944,106.46358112285297,1.05978785084115,0.10482791004077907,9.771855842004948,-7.138485251903546,0.03672448039304803,91.52637903913558,0.2685668976782009,-3.0716829948821155e-15,9.771855842004948,0.03672448039304803,0
632.76469,106.34440568080178,1.0380254907118065,0.06664312020941981,9.480058425964472,-7.2198674105808305,0.03650541113284408,75.42155377656991,0.2612973097006359,-2.649326807626727e-16,9.480058425964472,0.03650541113284408,0
641.879368,106.23592614200518,0.9991616067830267,0.0490494021278041,9.199942251714706,-6.710601422256322,0.0359216987073792,59.33418411501577,0.2548513769502692,-4.301825976881631e-15,9.199942251714706,0.0359216987073792,0
651.125339,106.15784506396358,0.9592774547885746,0.057119325770157485,8.978801304024604,-5.756367901548764,0.035045749876129566,43.166557679986454,0.25031038983888215,2.0641211672629748e-15,8.978801304024604,0.035045749876129566,0
660.504493,106.11801026796121,0.9326508582992027,0.08570487757653861,8.836287454518787,-4.633729124205063,0.03405092812971567,26.749286264354055,0.24802496498844345,3.2566785017219743e-15,8.836287454518787,0.03405092812971567,0
670.01875,106.10679736164079,0.9276609027281896,0.12391637353935021,8.764142732503291,-3.6511794608522563,0.033159034726521666,9.897396331463142,0.24738542345367578,-1.491300960499167e-15,8.764142732503291,0.033159034726521666,0
679.670056,106.09702958870515,0.9463117991172345,0.15865251168521025,8.727861996117783,-3.0498712932138363,0.0325610957046159,-7.51226651843217,0.24682965095432408,2.907850274205732e-15,8.727861996117783,0.0325610957046159,0
689.460384,106.05222323074076,0.9838096374559409,0.17664155923511946,8.674478280897453,-2.8815110846028253,0.032315788333446165,-25.46494169992536,0.2442961896799904,-3.1906271213899166e-15,8.674478280897453,0.032315788333446165,0
699.391737,105.9433427241516,1.0273051269909272,0.16786958827290396,8.558331569307864,-2.9270905265600615,0.032290324389780245,-43.77984444742685,0.23824765934335068,3.0886364912373897e-15,8.558331569307864,0.032290324389780245,0
709.466146,105.76652374574732,1.057523392919794,0.13232230935213113,8.374520880158064,-2.800930011272742,0.03222761531531,-62.176808044442964,0.22874243755281876,1.1622952716139238e-16,8.374520880158064,0.03222761531531,0
719.685673,105.54857817233855,1.0583875288577693,0.08506771635071211,8.161895393673719,-2.2158381465664285,0.031905970300879244,-80.42131006172616,0.21754654353270117,-1.4436550214057953e-15,8.161895393673719,0.031905970300879244,0
730.052407,105.33445789162151,1.0297226272085263,0.04946684605720644,7.970024777881169,-1.147665062639954,0.031252485706477706,-98.45511800744168,0.20708095509800076,-3.591430954006744e-16,7.970024777881169,0.031252485706477706,0
740.568469,105.16503007301863,0.9879172955178649,0.0411647006268419,7.829759165864544,0.21794020576105108,0.03034500952513012,-116.43158967815691,0.1991578262842723,2.4421448673253787e-15,7.829759165864544,0.03034500952513012,0
751.23601,105.0575247319226,0.9534198344441507,0.05998194911387138,7.746479496019038,1.6204380858553142,0.02935211608857152,-134.65142768388898,0.1942883872943299,2.739401111843458e-15,7.746479496019038,0.02935211608857152,0
762.057212,104.99537736429832,0.9399898489379035,0.09431500735106675,7.7040874856788255,2.8314834865192573,0.02846293940083262,-153.43511862526424,0.1915279263488795,-2.673185570715869e-15,7.7040874856788255,0.02846293940083262,0
773.034288,104.93133325991799,0.9517779726338369,0.12820234864852129,7.67112402444125,3.7439897897136145,0.02780791919901712,-172.9651495610688,0.18872424481030053,-1.8649289166172015e-15,7.67112402444125,0.02780791919901712,0
784.169484,104.80844411541966,0.9832852685889428,0.14603613741542487,7.614555359314531,4.446905800015799,0.027377461643767174,166.84472382981244,0.183458898542466,1.4822426651496435e-15,7.614555359314531,0.027377461643767174,0
795.465078,104.5949440107207,1.0194418855090182,0.13783656253937523,7.5225345168010564,5.190609552810468,0.02701358843332999,146.34152231701296,0.1746581160282891,-1.5968201009121192e-15,7.5225345168010564,0.02701358843332999,0
806.923378,104.3088389182296,1.0402082571395534,0.10684153319315423,7.413836255812289,6.195136348112744,0.026527252873830197,125.92425118780056,0.1635227800766703,-1.8090978437560028e-16,7.413836255812289,0.026527252873830197,0
818.546731,104.00727670266484,1.0336140441973527,0.07152538492395044,7.318905683554657,7.487915067838596,0.025834846960781414,105.77290962991992,0.1525534523887362,9.209698286564451e-16,7.318905683554657,0.025834846960781414,0
830.337512,103.74869067827157,1.0064227656857103,0.05302754234290824,7.256433237930506,8.931814767897235,0.02498524210451443,85.73692610975172,0.14373529942791166,7.636957180800907e-17,7.256433237930506,0.02498524210451443,0
842.298134,103.55726311527418,0.977914070020415,0.05906591872039044,7.226509258202251,10.348457762548444,0.024099506491324387,65.43785945235004,0.1375373593140794,9.164968701597333e-16,7.226509258202251,0.024099506491324387,0
854.431043,103.40835203513636,0.9648640320114218,0.0814622774956183,7.214983910035244,11.617757757845894,0.02329657376671101,44.496318708306944,0.1329014054587209,2.8079881290744154e-16,7.214983910035244,0.02329657376671101,0
866.738721,103.2416075587889,0.9728896748728764,0.10409404910854023,7.2023630202031885,12.738458093508612,0.0226274412050002,22.777644058022133,0.12789545935318308,-5.118061671412453e-17,7.2023630202031885,0.0226274412050002,0
879.223685,103.00215184901725,0.9949520192771226,0.11185306270128342,7.177188034132142,13.827653575406586,0.022040662747596956,0.5133074452147639,0.1210346044185599,-5.123113079640744e-17,7.177188034132142,0.022040662747596956,0
891.888489,102.68605612909029,1.0145660162495778,0.09943465143981028,7.145330535867879,15.018019323953334,0.021429031245251178,-21.86119365949685,0.11253820481777492,1.6665021957573677e-16,7.145330535867879,0.021429031245251178,0
904.735724,102.34528841888408,1.016613682356384,0.07710299211579513,7.122518332069519,16.33649965183258,0.020728989030717446,-44.07486216981613,0.10404547856024189,8.616950685824101e-16,7.122518332069519,0.020728989030717446,0
917.768017,102.04282520725542,1.001110352912691,0.06354187395794052,7.118834568759042,17.70100187575516,0.01996411350018891,-66.25029700440905,0.09704583271998632,-7.769111254843463e-17,7.118834568759042,0.01996411350018891,0
930.988035,101.79998803328257,0.9833811077464913,0.06864657419849789,7.132090971608078,19.007615862363142,0.019208412073547048,-88.79529171594851,0.09176840290983021,7.581271596832661e-16,7.132090971608078,0.019208412073547048,0
944.39848,101.57697876424402,0.9794945104283579,0.085606282779738,7.151344064730623,20.21206217065955,0.018523891927011593,-112.06316718481014,0.08717505832752934,-7.922986167801515e-17,7.151344064730623,0.018523891927011593,0
958.002097,101.30370676405158,0.9933496608539312,0.09764322798293806,7.166365815455154,21.36288409064766,0.017910618790610785,-136.01737610233766,0.08185873831670096,9.867160653931885e-16,7.166365815455154,0.017910618790610785,0
971.801667,100.94752518414143,1.0130127459798957,0.09105525239472156,7.177695343163196,22.552510451774438,0.01730789552567506,-160.20979511350708,0.07541311648858615,-2.9628168605848626e-16,7.177695343163196,0.01730789552567506,0
985.800014,100.55388556447642,1.0185778082601449,0.06867235118486369,7.195679033838146,23.814827044817648,0.016661090819792706,175.7947064712481,0.06887838040741723,-3.27098108108415e-16,7.195679033838146,0.016661090819792706,0
1000,100.20629530445389,1.001924758402662,0.05103646560253563,7.22858215912172,25.09377761654122,0.015976843834430758,151.95765042200514,0.06358049439947563,-3.0428436170219814e-16,7.22858215912172,0.015976843834430758,0
1014.40453,99.945350577631,0.977861067942409,0.055933932920196154,7.274895678278925,26.30650111771014,0.015308988991534501,127.7650997079345,0.05987278059077406,-3.4452509709946494e-16,7.274895678278925,0.015308988991534501,0
1029.016551,99.72212681794859,0.9693762913048827,0.07973199455515007,7.32499000168009,27.417536731569246,0.014709197930049562,102.67849078901213,0.05687311975784469,9.29424306555093e-16,7.32499000168009,0.014709197930049562,0
1043.839051,99.43044547930698,0.9866224768114432,0.10103974782404598,7.369485604840069,28.476119679065217,0.01417875967669744,76.70459924518673,0.0531788471488542,-1.9611986184411392e-16,7.369485604840069,0.01417875967669744,0
1058.875063,99.01465056379563,1.0171305341309438,0.0973625729060232,7.409767511804906,29.571791049662615,0.01366190820637822,50.5270836913993,0.048323616222880166,5.978861951390427e-16,7.409767511804906,0.01366190820637822,0
1074.127661,98.54417792084578,1.0314838048676702,0.06689004790026105,7.456707616720362,30.72902217277435,0.013109497525121111,24.83307938038149,0.04336228527586149,-2.2547198836338246e-16,7.456707616720362,0.013109497525121111,0
1089.599965,98.14694149510755,1.0124217728102003,0.03791574126208751,7.517546010389645,31.886857098982556,0.012530686383014765,-0.44728538446224775,0.03957204731837639,-3.758671325034195e-16,7.517546010389645,0.012530686383014765,0
1105.295141,97.88033723258462,0.978675490690775,0.039394482919153456,7.5895469106737705,32.972624557283034,0.011972416982467622,-26.093658584870468,0.037215862926898505,-2.664931543858628e-16,7.5895469106737705,0.011972416982467622,0
1121.216399,97.66892699699272,0.9634062294540895,0.06833147834448652,7.663339722984443,33.9657062224224,0.011474763906878788,-52.87206436180679,0.035447619062157695,-4.3229457045864796e-16,7.663339722984443,0.011474763906878788,0
1137.366994,97.3641288172572,0.9810977003733117,0.09625367696881564,7.731414413151619,34.919375722065794,0.01103356096943997,-80.71466524703965,0.033045113808144976,4.0846471118927804e-17,7.731414413151619,0.01103356096943997,0
1153.750232,96.9073154576387,1.015694410018198,0.09435944319554222,7.797074690818555,35.90608868266868,0.010601794223800759,-108.65796126320589,0.029745817971918602,8.757183234925788e-16,7.797074690818555,0.010601794223800759,0
1170.369462,96.40920894032124,1.0308600800271657,0.06205444421281744,7.869980885391516,36.9272965405572,0.01014837612885306,-135.9448694487586,0.026522549232086357,6.82366506133197e-17,7.869980885391516,0.01014837612885306,0
1187.228084,96.01822288001287,1.0098587971134787,0.03477410626605239,7.953771991866687,37.92586734667894,0.009688847326896595,-162.9061770812816,0.024239109365643198,1.659867945986583e-16,7.953771991866687,0.009688847326896595,0
1204.329547,95.75762994643482,0.979147669229111,0.040900618909588835,8.043835608761732,38.85870629987705,0.00925674433378146,169.4543813355383,0.022827448141837445,-1.2529707091130639e-16,8.043835608761732,0.00925674433378146,0
1221.677349,95.50245265078716,0.9724481331980576,0.06854682316674861,8.132996964739272,39.73527766029583,0.00886866835216917,140.54558316979706,0.021524825298391698,-4.031724714449111e-16,8.132996964739272,0.00886866835216917,0
1239.275037,95.12102345868138,0.9940820838406863,0.08482762030275585,8.219438736246055,40.60470324407469,0.00850768439686997,110.89187171040953,0.01971499703397655,-6.565852902925189e-17,8.219438736246055,0.00850768439686997,0
1257.126212,94.64445555125661,1.0167568264165316,0.07137728686565914,8.308683195183379,41.491413806787044,0.008146729750121665,81.46641768320183,0.01766606912044585,-1.1051817449520655e-16,8.308683195183379,0.008146729750121665,0
1275.234525,94.21643343571236,1.0128310388025448,0.047272917577385415,8.405045739727184,42.36885020000844,0.007784160429548785,52.374037417909676,0.01600802352196715,-2.8090702474793745e-16,8.405045739727184,0.007784160429548785,0
1293.60368,93.89644235809854,0.9923798488721353,0.04370044416048523,8.506610436380262,43.206424725177065,0.007437474030576643,22.802568560029613,0.014870946322353772,-1.9211639106447583e-16,8.506610436380262,0.007437474030576643,0
1312.237433,93.59280475172186,0.98546229141731,0.059312827798464425,8.609003650750813,44.0071128579684,0.007117162555037382,-7.8439618678851275,0.013866755093815217,-2.1258964672327886e-16,8.609003650750813,0.007117162555037382,0
1331.139597,93.20163349961828,0.998359940864242,0.06740653773465967,8.711434136008101,44.79754138913625,0.006814617657684909,-39.15208210054078,0.012672366366430522,-3.0845430043755726e-16,8.711434136008101,0.006814617657684909,0
1350.314038,92.76563835199802,1.0077158085305618,0.05594564713711345,8.817204644372655,45.58590868167748,0.0065174821651685574,-70.4104951976608,0.011461941971067893,-3.8750604906096575e-16,8.817204644372655,0.0065174821651685574,0
1369.764677,92.39471405148066,0.997899070075737,0.04591590629843985,8.927731548361056,46.35404475139167,0.006228269556872999,-101.79466364955158,0.010523634967873171,-8.405135275106801e-17,8.927731548361056,0.006228269556872999,0
1389.495494,92.07704908823885,0.988150559844458,0.05509395342418091,9.040567942162125,47.09212731860531,0.005956363306777161,-134.04465005704947,0.00978136080517512,-3.854114604819404e-16,9.040567942162125,0.005956363306777161,0
1409.510524,91.69467952341927,0.9986044910622272,0.06595022709623863,9.153848109973266,47.81499826242998,0.0057009648898208145,-167.15541452172192,0.008956994809518535,-5.3145970405853334e-17,9.153848109973266,0.0057009648898208145,0
1429.813862,91.23835139552565,1.0132569748879223,0.054475555997992024,9.269705695345564,48.535453083047614,0.005452190755630999,159.7192325357462,0.008063609906943044,-2.850299821893926e-16,9.269705695345564,0.005452190755630999,0
1450.409659,90.84623702870792,1.0030694020412014,0.03567940637924411,9.390287926799509,49.24091969808563,0.0052086368993727525,126.73444318500253,0.007367464859435751,3.707234179846914e-16,9.390287926799509,0.0052086368993727525,0
1471.302129,90.56190618876015,0.9817312050214894,0.04322341972766873,9.513763396374772,49.91709489756491,0.004978799108946726,92.92292932105624,0.006900570370590823,-8.800900637497686e-17,9.513763396374772,0.004978799108946726,0
1492.495545,90.2282909497147,0.9866137314199628,0.06699723288528785,9.637284263325823,50.57419838548449,0.004765713672539557,57.82783709514524,0.006390332637421998,-3.0732387699361843e-16,9.637284263325823,0.004765713672539557,0
1513.994242,89.74849234197471,1.0138940629336635,0.06555030847298261,9.76221166391324,51.2313633009943,0.004560269701568012,22.542821992027257,0.005721944017136256,-7.766694993930309e-17,9.76221166391324,0.004560269701568012,0
1535.802619,89.28798282986489,1.017052187339724,0.03596494766849711,9.891786727144599,51.881736924025894,0.004357078673266532,-12.134580955818024,0.005146271011710455,-1.7354624748524755e-17,9.891786727144599,0.004357078673266532,0
1557.925134,88.99100205008595,0.98840611249135,0.028625555917234015,10.025238758854263,52.50715385149836,0.00416270065150724,-47.23252774975958,0.004806119613474416,2.67569693817301e-16,10.025238758854263,0.00416270065150724,0
1580.366314,88.71538551053109,0.9782235887399383,0.05506267384713875,10.159358883762708,53.11016557075519,0.003982866131452157,-83.87535560078572,0.004510585518615271,-1.118074797223557e-16,10.159358883762708,0.003982866131452157,0
1603.130749,88.27114101936452,1.0036207926145762,0.067730934977378,10.294175723527749,53.70959187663475,0.0038121819668433202,-121.19929119510243,0.004072006589654012,2.3544886345700125e-16,10.294175723527749,0.0038121819668433202,0
1626.223094,87.78295121465653,1.01856153823842,0.04333655478497809,10.432799283764794,54.30559520765577,0.0036441391492721214,-157.9159847493953,0.003639062308270347,4.453931893146154e-16,10.432799283764794,0.0036441391492721214,0
1649.648074,87.44589633123466,0.9970373365601253,0.028012178033621556,10.57531731264143,54.88317396462824,0.003482169600016952,165.2126499573685,0.0033673170033468565,-2.488728863607579e-16,10.57531731264143,0.003482169600016952,0
1673.41048,87.15937615496635,0.9835210759886277,0.04622448825485263,10.719279899980194,55.4419166155046,0.003330829128114695,126.90962303179958,0.003152332254599548,3.827072470690266e-16,10.719279899980194,0.003330829128114695,0
1697.515172,86.74193666244983,1.00014267189981,0.057422755687017456,10.864528282795787,55.99428496076055,0.0031872000389209882,87.79448121324242,0.002863439663947989,-1.6830707912712595e-16,10.864528282795787,0.0031872000389209882,0
1721.967081,86.29554701751262,1.0091491249146418,0.041871458006312874,11.01305894534496,56.54028833776171,0.003047439863555205,48.910700174667454,0.0025837415658016244,3.5585534222481606e-16,11.01305894534496,0.003047439863555205,0
1746.771208,85.95288052768376,0.9960121149213759,0.03617832487990512,11.164652728783183,57.07164215767525,0.0029136308332232607,9.527901495640549,0.002387714643931747,3.7480131007082547e-16,11.164652728783183,0.0029136308332232607,0
1771.932627,85.5991298612554,0.9952529443561595,0.046778391482783115,11.31801814536378,57.59094957901213,0.0027872672192118565,-31.025174609032888,0.0022009357072845866,2.7329593607973967e-16,11.31801814536378,0.0027872672192118565,0
1797.456484,85.17573054071048,1.0044113500608498,0.04236100998941323,11.473821681985692,58.10345310594076,0.0026659352015229788,-71.93786380689744,0.0019964913103036126,1.3051974189848784e-16,11.473821681985692,0.0026659352015229788,0
1823.348001,84.81422243225849,0.9959261587950904,0.035343050088863,11.632685192154863,58.60506913802538,0.002549282216292804,-113.15057959147867,0.0018370315427766618,-4.413543739215765e-17,11.632685192154863,0.002549282216292804,0
1849.612473,84.47109451718573,0.9929596092516572,0.047458203909793883,11.793624514590944,59.095072759937096,0.0024388747762576234,-155.53034196081097,0.0016974767006491657,2.0267237708840737e-16,11.793624514590944,0.0024388747762576234,0
1876.255272,84.02528653130614,1.0092293536541594,0.04567051658751819,11.956858795127904,59.57899101223579,0.002333160154259267,161.59502882312938,0.001531873923258531,-2.9473697045880366e-16,11.956858795127904,0.002333160154259267,0
1903.281848,83.63380519720445,1.0027390679274522,0.02669453888214948,12.123444110261499,60.05405675556442,0.0022309231911571523,118.85692620866575,0.001399828688812406,1.1309992707981045e-16,12.123444110261499,0.0022309231911571523,0
1930.697729,83.34912456116946,0.9843797677705284,0.03816188162652659,12.29245169068454,60.51642609566106,0.0021341088729939033,74.92103652484616,0.0013110124812233223,-1.2036694189882427e-16,12.29245169068454,0.0021341088729939033,0
1958.508523,82.93223926715221,1.0016026490081196,0.05428605571093564,12.46327937295698,60.97222226600851,0.002042366237653799,29.828916478070596,0.0011910179227765747,-1.1683101573192266e-16,12.46327937295698,0.002042366237653799,0
1986.719919,82.4625380993153,1.014319883139991,0.031626804217716006,12.637388339027515,61.42265965031415,0.001953321383070336,-14.76772171181301,0.001068927327580388,-1.287527064091372e-16,12.637388339027515,0.001953321383070336,0
2015.337686,82.16753542697546,0.9895293980688494,0.024930413070210964,12.814615906919517,61.86152520353064,0.0018681406576897288,-59.88800296479462,0.0009987295801437137,-9.122567247399732e-17,12.814615906919517,0.0018681406576897288,0
2044.367679,81.82984906171457,0.990408867895705,0.0488866407386075,12.993738501211975,62.29162900818234,0.001787888455105149,-106.72076104561836,0.0009240155424954308,-1.6948189049856204e-16,12.993738501211975,0.001787888455105149,0
2073.815835,81.35042818252037,1.0121248829027314,0.04058083437330023,13.175679162003297,62.71735662857409,0.0017105697506237317,-153.55307173301242,0.0008274412894362517,-5.253130562334322e-17,13.175679162003297,0.0017105697506237317,0
2103.688178,80.99631219525838,0.9987259777490073,0.024541789017070718,13.360968477734206,63.134220827774506,0.0016361195467019076,159.58037753050644,0.0007626505533946547,-5.683546713060345e-17,13.360968477734206,0.0016361195467019076,0
2133.990819,80.67351033256637,0.9914167295862827,0.039341754946431065,13.548640082957288,63.5422577010776,0.0015656415819775911,111.16829149546209,0.0007080198006793514,-1.770178893759812e-16,13.548640082957288,0.0015656415819775911,0
2164.729954,80.24037147681048,1.004633479027751,0.03823351722161,13.739054393910799,63.9449114495493,0.001498119202156259,62.241513434468516,0.0006408133014567294,-2.896365031178556e-16,13.739054393910799,0.001498119202156259,0
2195.911873,79.87433258975008,0.998374200155094,0.0305687748423908,13.932629146808539,64.34005110341253,0.0014332883077861915,12.978131466108607,0.0005890167284183948,2.7092169074564613e-16,13.932629146808539,0.0014332883077861915,0
2227.542952,79.50352581267165,0.9993544578844262,0.03726978224433746,14.12889073699216,64.72799404116893,0.0013715793271717122,-37.490409626818064,0.0005408127869241374,4.92828292891126e-18,14.12889073699216,0.0013715793271717122,0
2259.629662,79.10130532354441,1.0019985821232882,0.028892116198966405,14.328208207705158,65.10993494345014,0.001312360336057625,-88.33143367703337,0.0004929750078164524,1.0139001724802128e-16,14.328208207705158,0.001312360336057625,0
2292.178566,78.77272226111421,0.9920076488197624,0.03431349676376514,14.53049964757326,65.48441059446029,0.0012558428636417803,-140.15566486553905,0.00045705303410787973,1.9246768731345675e-16,14.53049964757326,0.0012558428636417803,0
2325.196322,78.34423069636927,1.0064068904118137,0.03925443548444434,14.73559791321292,65.85333638499894,0.0012019076412056924,167.03535747816943,0.0004141116417735704,1.3897874760276174e-17,14.73559791321292,0.0012019076412056924,0
2358.689683,77.95820288708845,1.0013332305597547,0.020798405102459012,14.944087407868402,66.21614182053635,0.001149977389062699,114.323253015859,0.00037889132240047233,-1.8661002388160092e-16,14.944087407868402,0.001149977389062699,0
2392.6655,77.65873414862273,0.9883251439500256,0.03663118327856889,15.155469776471351,66.57164264467711,0.0011006348682878672,60.063371553156344,0.0003536452140500384,4.097119918104344e-16,15.155469776471351,0.0011006348682878672,0
2427.130723,77.19197945225548,1.0104251444048817,0.03733036078969375,15.369848485827731,66.92256846701908,0.0010534216245837967,5.150788557394435,0.0003176086453200938,1.6588185823725553e-16,15.369848485827731,0.0010534216245837967,0
2462.092401,76.83818990617264,0.9977663006583233,0.01878286751931779,15.587756784848526,67.26722064385838,0.0010079845567329774,-49.62163432575562,0.00029276109362572344,1.2641451598028517e-16,15.587756784848526,0.0010079845567329774,0
2497.557686,76.51278888024346,0.9922187750936021,0.038058122443112234,15.808588938725931,67.60549536861618,0.0009648497345217643,-106.21923258667539,0.0002716272008682325,3.0164815974906854e-16,15.808588938725931,0.0009648497345217643,0
2533.533832,76.05767811239753,1.008397108343061,0.029850311796189927,16.032729698507563,67.93926099604457,0.0009234414888411934,-163.0487131050732,0.00024460322651996265,-9.465543916473029e-16,16.032729698507563,0.0009234414888411934,0
2570.028197,75.72903536936049,0.994852668711095,0.024909471251456275,16.26030985692725,68.26686102720421,0.0008837826084103633,139.50478868110804,0.00022677642632100968,-1.0581595806449037e-16,16.26030985692725,0.0008837826084103633,0
2607.048246,75.34038846955083,1.0004258505902475,0.032734412745275464,16.491068150549406,68.58927216628898,0.0008459674866904092,80.683459277814,0.000207363930983579,-4.4169254740681947e-16,16.491068150549406,0.0008459674866904092,0
2644.601552,74.9615720411034,0.9988497366287752,0.02652135401823268,16.72532827979639,68.90654162561577,0.0008096961527813606,21.430378398020935,0.00019004286731525897,-5.913842850960018e-17,16.72532827979639,0.0008096961527813606,0
2682.695795,74.57992358422288,1.0015415199245183,0.03098307983300958,16.962954810661344,69.21859205190503,0.0007750595368406603,-39.04831867656452,0.00017405509019213723,3.559701481092847e-18,16.962954810661344,0.0007750595368406603,0
2721.338768,74.20377118084248,0.998498625089406,0.02197861665612777,17.20415342630062,69.52570409611864,0.0007418501904247727,-100.00758629796962,0.0001596141863119609,3.858516101648483e-16,17.20415342630062,0.0007418501904247727,0
2760.538375,73.85239734237791,0.996509780054129,0.034656722295728214,17.44878271593254,69.82764157138428,0.0007101728237959329,-162.4538691935723,0.00014720891252110874,-7.894398387280335e-17,17.44878271593254,0.0007101728237959329,0
2800.302634,73.41397236762015,1.0074728695592996,0.021714626490784816,17.697062372803675,70.125222786325,0.0006797791954899311,134.8241808912279,0.00013307350840982313,-3.449501412518035e-16,17.697062372803675,0.0006797791954899311,0
2840.639679,73.11853284257212,0.9895508561472237,0.026614812067353524,17.948992715359456,70.41749810777415,0.0006507299131366875,71.0142183490916,0.00012432190448608297,-2.0589161148939918e-16,17.948992715359456,0.0006507299131366875,0
2881.557759,72.67099110457099,1.0081188504743277,0.03137465260721552,18.204496515916023,70.70559880283453,0.0006229728564009104,6.052279034476328,0.00011214850295548796,8.297493504576524e-18,18.204496515916023,0.0006229728564009104,0
2923.065245,72.33180520864396,0.9952224123255543,0.018109561998031508,18.463889876149736,70.9889309678597,0.0005963274622398949,-59.02009212575365,0.00010372295739432435,-1.492432504615774e-16,18.463889876149736,0.0005963274622398949,0
2965.170628,71.95377186642841,1.0000168542789714,0.03255935174906297,18.726923612713662,71.26777149660339,0.0005709251630015557,-125.90086095631182,0.00009507614336512978,1.6597309050404948e-16,18.726923612713662,0.0005709251630015557,0
3007.882518,71.55901599799357,1.0010697850378232,0.02052119783496155,18.99389623214395,71.54239302596629,0.0005465445580477265,167.02906173906717,0.0000868152399631709,2.6333982935323043e-16,18.99389623214395,0.0005465445580477265,0
3051.209653,71.20014263598625,0.9988504031675387,0.026853655645898384,19.264709791946586,71.81255783047357,0.0005232555279721219,98.48274767220141,0.00007992978297965662,-1.9019053963158994e-16,19.264709791946586,0.0005232555279721219,0
3095.160895,70.82231192525315,0.9983167535053672,0.023153652149184575,19.539497753690785,72.07858936982501,0.0005009474932517604,29.167862300032994,0.0000732698939132789,9.928601413193606e-17,19.539497753690785,0.0005009474932517604,0
3139.745234,70.42976305215161,1.003198676165173,0.02619009187858728,19.818259405078827,72.34048715839515,0.00047961512502556815,-41.417431449819446,0.0000669376829891536,6.301294064717143e-18,19.818259405078827,0.00047961512502556815,0
3184.97179,70.08102453122945,0.9949678555009155,0.01951580868969803,20.10113058966143,72.59827289518101,0.0004591750473441786,-112.66739979789361,0.00006177273401708038,3.7305214141942356e-17,20.10113058966143,0.0004591750473441786,0
3230.849813,69.67795920849275,1.0042577158434782,0.02971525118060592,20.388045460417953,72.85211885279861,0.0004396492024985189,174.47628193076878,0.00005629765315321873,1.5469261762328375e-16,20.388045460417953,0.0004396492024985189,0
3277.388687,69.3205549673174,0.9961583188136183,0.015374025656468266,20.679223268305265,73.102038989136,0.00042091631261303005,101.44097615432668,0.000051850132069555704,2.4739791043061587e-16,20.679223268305265,0.00042091631261303005,0
3324.597932,68.93815444907682,1.0017935233907378,0.03053677016457098,20.974545987357615,73.34808235704712,0.00040303406993362056,26.503307670747745,0.0000474799021339503,-9.376168854363904e-17,20.974545987357615,0.00040303406993362056,0
3372.487204,68.56005393830246,0.9986586596531504,0.01561231965093205,21.27424198566426,73.59041108207319,0.000385876206888335,-48.54629498438874,0.00004352109001598992,-1.7228865150484076e-16,21.27424198566426,0.000385876206888335,0
3421.066299,68.1903565694016,1.0002251934853041,0.02685682146223468,21.578231771915178,73.82896599991665,0.0003694864069907094,-125.41529375586646,0.00003996962071763916,3.2265690440972143e-16,21.578231771915178,0.0003694864069907094,0
3470.345152,67.8123563773259,0.9990923347383664,0.01948972162348099,21.88667926069096,74.06392454754585,0.0003537771229839703,157.13312524273738,0.00003663785233438514,1.8304691711854522e-16,21.88667926069096,0.0003537771229839703,0
3520.333844,67.43174922332676,1.0007736706888828,0.02092775682627516,22.19958623078802,74.29529038773131,0.0003387501389181844,78.25101464244858,0.00003356365841566468,4.989254999721963e-17,22.19958623078802,0.0003387501389181844,0
3571.0426,67.07044029538272,0.9983392196657785,0.02430871166995427,22.51703793295714,74.52311674573595,0.00032436654719565514,-1.8436939428115693,0.00003088434532396467,2.303886847637955e-16,22.51703793295714,0.00032436654719565514,0
3622.481792,66.67536817040451,1.0009783130348262,0.015396097807209318,22.839113156246498,74.7475385455656,0.0003105890311686118,-82.8033984633442,0.000028198836356628647,1.355243418505503e-17,22.839113156246498,0.0003105890311686118,0
3674.661941,66.31951893498696,0.9992687041469962,0.02740218711935088,23.165832919715534,74.96849922182152,0.0002974154565572915,-165.46124873055362,0.00002598042574861627,5.693831289256937e-16,23.165832919715534,0.0002974154565572915,0
3727.59372,65.93260435082038,0.9988360046648996,0.013114479149694514,23.49733166214916,75.18618169412288,0.0002847863816200547,111.48641412592451,0.000023765929543813948,-2.2821760421618957e-17,23.49733166214916,0.0002847863816200547,0
3781.287957,65.5568999871866,1.0020008281174133,0.026004758969460876,23.833596477604356,75.40054226079987,0.0002727147809534658,26.525025697018464,0.00002179637990445055,2.7064793854188666e-16,23.833596477604356,0.0002727147809534658,0
3835.755635,65.1946007145356,0.9968500446344264,0.015918928582691914,24.174775395360793,75.61169109800122,0.00026114345949862375,-58.91382644019973,0.000020051849745606,2.6875107755682055e-16,24.174775395360793,0.00026114345949862375,0
3891.007893,64.8028418207071,1.0019135494643998,0.020491894959712417,24.520874146491256,75.81967529088753,0.0002500753084234161,-146.06482968948882,0.000018322239353669804,2.626239419292918e-16,24.520874146491256,0.0002500753084234161,0
3947.056035,64.43621741142113,0.9998982984785262,0.019849158691276132,24.872001010470893,76.02452860044836,0.00023947554427545878,125.67398817284811,0.000016838992803939605,-1.55233402072288e-16,24.872001010470893,0.00023947554427545878,0
4003.911523,64.0735614507644,0.9967808884007079,0.018304006679919372,25.22821771553717,76.22631447376301,0.00022932717554301695,36.11679989076299,0.000015489967811272286,1.4147332081670859e-16,25.22821771553717,0.00022932717554301695,0
4061.585988,63.66491758424814,1.0045083243275537,0.016766036672548744,25.5895896282093,76.42511073828553,0.000219612300761857,-54.81883036738202,0.00001409892916641051,-1.3416880759725064e-16,25.5895896282093,0.000219612300761857,0
4120.091227,63.33222910363027,0.9959899745134465,0.023129259942953135,25.95619689886671,76.62089504517976,0.00021031275409528067,-147.15878949812299,0.000013059221273688647,2.0823064470429154e-16,25.95619689886671,0.00021031275409528067,0
4179.439206,62.929729863438126,1.000300253450507,0.011964419308003337,26.3281248300359,76.81380901258095,0.00020140403386136816,119.66493641130569,0.000011903299376365138,3.9199957860864494e-16,26.3281248300359,0.00020140403386136816,0
4239.642065,62.55526046143139,1.0023764593232483,0.02204495192676905,26.705419983601505,77.00382752603345,0.00019288120434608668,24.62883158168404,0.000010919944129114456,2.9137513059765853e-16,26.705419983601505,0.00019288120434608668,0
4300.712118,62.19938540259432,0.9970163746526544,0.016694671590674216,27.088194869960837,77.19102393994264,0.0001847158389240253,-71.27532654097251,0.000010060809145320733,-1.2578552626231687e-16,27.088194869960837,0.0001847158389240253,0
4362.661857,61.81259248713462,0.9999879033864937,0.01682297055896858,27.47650281693083,77.37545389109337,0.00017689981579630928,-168.79882417261433,0.000009203512763105947,-1.6920278737280906e-16,27.47650281693083,0.00017689981579630928,0
4425.503952,61.43164820142367,1.0012733094722732,0.015258864581866979,27.87043326189222,77.55714991380688,0.00016941558013868377,92.26884720126918,0.00000843061370853842,1.0862093044466094e-17,27.87043326189222,0.00016941558013868377,0
4489.251258,61.064107418393775,1.000799225681035,0.021053978500354713,28.270060000439482,77.73615051954282,0.0001622509721544256,-8.32022333128225,0.000007746492630300172,4.680746923677517e-16,28.270060000439482,0.0001622509721544256,0
4553.916814,60.710017501061444,0.9948799380842931,0.01432898776925203,28.675479839408318,77.91250696555922,0.00015538792039644512,-109.94618446347306,0.000007139965615418692,-1.434226060933009e-16,28.675479839408318,0.00015538792039644512,0
4619.513847,60.29478900191946,1.004399374220817,0.013637514993655156,29.08675647338859,78.08627742846554,0.00014881821194959988,146.78466840040903,0.000006488932707485938,1.1161274100656416e-17,29.08675647338859,0.00014881821194959988,0
4686.055775,59.945550865604446,0.9997406887672063,0.020092040733251246,29.503982375478707,78.25746522487489,0.0001425281470316757,41.96763156110467,0.0000059875541867951485,-4.5353577813190194e-17,29.503982375478707,0.0001425281470316757,0
4753.556208,59.5743300731248,0.9982146462780986,0.015086643945486316,29.92724924436442,78.42614233926844,0.00013650330548136807,-64.04338737268847,0.000005497020764994741,-1.3204493967657628e-17,29.92724924436442,0.00013650330548136807,0
4822.028953,59.19750040519321,0.9990228466715387,0.01585075886775287,30.35663360858869,78.59233873910242,0.00013073509908564536,-171.81093297758093,0.000005040161013962321,2.956876659897077e-16,30.35663360858869,0.00013073509908564536,0
4891.488015,58.818416985718144,0.9996101161717758,0.012298747807670703,30.792229544527,78.75609502561962,0.0001252110169250109,78.93408430555621,0.000004618873507048907,4.1849882271363937e-16,30.792229544527,0.0001252110169250109,0
4961.947603,58.427231100806,1.0043456334471603,0.016266051474875302,31.23411925524846,78.91744892513682,0.00011992224152770653,-32.13018400039937,0.000004221020683795187,-3.113933132459306e-17,31.23411925524846,0.00011992224152770653,0
5033.422128,58.0845016145944,0.997562640302502,0.019294351975131154,31.68240040816757,79.07642788023131,0.00011485731811046026,-144.64763946886262,0.000003900717795826658,-3.471733837226447e-16,31.68240040816757,0.00011485731811046026,0
5105.92621,57.70882697188911,0.9968629231530739,0.012385906623815897,32.13716521914176,79.23308677544664,0.00011000617667555874,101.54427785517373,0.000003577478788181835,4.15821282744874e-16,32.13716521914176,0.00011000617667555874,0
5179.474679,57.3176020921039,1.0010908123568563,0.013314193008701493,32.598499079323894,79.38745454868499,0.00010536149667975106,-14.132793843313038,0.000003269298531646901,-5.233464360790159e-16,32.598499079323894,0.00010536149667975106,0
5254.08258,56.95101618798323,0.9994832962470073,0.013695804155306962,33.06650182700727,79.53956152414794,0.0001009134456915198,-131.48437820739923,0.0000030046645218401133,-4.480558044502559e-16,33.06650182700727,0.0001009134456915198,0
5329.765172,56.56430832898991,1.0023168347889233,0.012444554584400917,33.541267971174115,79.68945006512897,0.00009665372936540368,109.43898116284561,0.0000027486864599018484,4.362089016507786e-16,33.541267971174115,0.00009665372936540368,0
5406.537936,56.19279308456708,1.002552947904374,0.017308472951211375,34.022892848969484,79.83714816127501,0.00009257480140376728,-11.509734004389657,0.0000025233278362023814,-2.253040819457758e-16,34.022892848969484,0.00009257480140376728,0
5484.416576,55.842960458655625,0.9969295963307914,0.016829070582196834,34.51147931520976,79.98269053886212,0.00008866811765567975,-133.9501379790239,0.0000023280398823420455,-3.123809426589478e-16,34.51147931520976,0.00008866811765567975,0
5563.417021,55.46405343915466,0.9974338852649751,0.012037894188273404,35.007125300631344,80.12611656985146,0.00008492660461252605,102.00875046372505,0.000002133534717007047,3.823096566738497e-16,35.007125300631344,0.00008492660461252605,0
5643.555431,55.07982227223153,1.0000225607114348,0.012795893767445813,35.50992961088774,80.26745442574607,0.00008134378115661377,-23.99797509441828,0.0000019528846752839745,-1.2218746707611529e-18,35.50992961088774,0.00008134378115661377,0
5724.848197,54.715037888976816,0.9980405395240336,0.013219836169981042,36.01999764610017,80.40673403956728,0.0000779124831471242,-151.85874475374817,0.000001795552711499345,-3.447660362886927e-16,36.01999764610017,0.0000779124831471242,0
5807.311946,54.33791989708446,0.9983602299686732,0.009760739215673284,36.53743394883723,80.54399049776627,0.00007462616817980355,78.5048968192383,0.0000016462142621027397,-2.1052950018457995e-16,36.53743394883723,0.00007462616817980355,0
5890.963548,53.94734085252,1.0023171918875704,0.009620800951302638,37.06234235816061,80.67925390782911,0.00007147902043791926,-53.05762155132362,0.0000015046256302685844,-1.804614724235099e-16,37.06234235816061,0.00007147902043791926,0
5975.820111,53.573560070550926,1.002860174883169,0.012953544570465582,37.59483093080717,80.81255189885218,0.00006846505528131986,173.48120911109459,0.0000013805443956005751,-2.1331633024303027e-16,37.59483093080717,0.00006846505528131986,0
6061.898993,53.21129246741535,1.0002881727597923,0.013250053149394921,38.13501005783873,80.94391539975194,0.00006557836909125337,38.20678532011834,0.0000012700581828371837,-1.8062205152797576e-16,38.13501005783873,0.00006557836909125337,0
6149.217802,52.83632167587712,1.000309160925189,0.010835930888721899,38.68298964410451,81.0733755331551,0.0000628136222020298,-99.01564823257308,0.0000011650016428499748,-1.120547180429109e-18,38.68298964410451,0.0000628136222020298,0
6237.794396,52.452126768296424,1.0027869884574567,0.01062544737240762,39.23888074362519,81.20096036134993,0.00006016580045530406,121.67026804879617,0.0000010663678598345884,-1.3548411579473199e-16,39.23888074362519,0.00006016580045530406,0
6327.646895,52.077224311608745,1.003426147762784,0.012837089539596626,39.802797384147716,81.32669692424027,0.00005762991512730973,-19.660284890522462,9.781755458492152e-7,2.829613310736126e-16,39.802797384147716,0.00005762991512730973,0
6418.793677,51.71278303498727,1.0014542189450715,0.013744968153176267,40.37485564497408,81.45061327421855,0.00005520111190164686,-162.90070481193766,8.994409859103421e-7,-3.7700085279554684e-16,40.37485564497408,0.00005520111190164686,0
6511.253386,51.34541244033075,0.9998318134166627,0.011960699582617565,40.95517256259697,81.5727376407144,0.00005287483659529999,51.86710785826074,8.264862147824091e-7,2.496004774209611e-16,40.95517256259697,0.00005287483659529999,0
6605.044933,50.96842928792125,1.0003674594323033,0.009558470583279166,41.543866355448536,81.69309711022015,0.000050646804063506704,-95.52059931850465,7.577698104582862e-7,2.7365568757414946e-16,41.543866355448536,0.000050646804063506704,0
6700.187504,50.58792065482831,1.0019252417331264,0.00867847147624158,42.14105718546512,81.81171766540646,0.00004851288994165276,114.90228975354,6.942029193454007e-7,-6.937575464539842e-17,42.14105718546512,0.00004851288994165276,0
6796.700558,50.212637997412614,1.0024778504355314,0.009398542705803375,42.74686731538877,81.92862490914534,0.00004646909555851104,-36.79631703631918,6.367341894610427e-7,-2.653087970971981e-16,42.74686731538877,0.00004646909555851104,0
6894.603838,49.84513210033275,1.0012706637095323,0.01051575878852023,43.361420888919305,82.04384441347904,0.00004451157700670341,169.3687573439156,5.850696637490395e-7,-1.820061883600934e-16,43.361420888919305,0.00004451157700670341,0
6993.917368,49.48162471981974,0.9990823329016448,0.011174051168765612,43.98484367666431,82.15740156527342,0.00004263666913399846,13.284666034757265,5.380923802469611e-7,6.771486977511712e-18,43.98484367666431,0.00004263666913399846,0
7094.661463,49.116208833128574,0.9972900181622336,0.011384599141669649,44.61726314462595,82.26932134486461,0.000040840878614442034,-145.09481338250782,4.946696364140332e-7,-6.426571743491216e-17,44.61726314462595,0.000040840878614442034,0
7196.85673,48.74446575797719,0.9969425647899043,0.011395624004500678,45.258808592303346,82.37962821623418,0.0000391208621732466,54.29124999833584,4.54088962844455e-7,1.4815571929284024e-16,45.258808592303346,0.0000391208621732466,0
7300.524071,48.36563411729243,0.9981935397422272,0.011019399263219452,45.90961126032591,82.48834610724931,0.00003747341095369678,-108.55395811549556,4.161575536884555e-7,1.5217691449839074e-16,45.90961126032591,0.00003747341095369678,0
7405.684692,47.983678911423,1.0000779230344494,0.009786596057946429,46.56980435334236,82.59549843007179,0.000035895448778265744,86.25152926410101,3.811204576864345e-7,3.0156645871198266e-16,46.56980435334236,0.000035895448778265744,0
7512.360102,47.60575445055445,1.000965818237275,0.007941628783830786,47.23952291182959,82.70110815459134,0.00003438403828318777,-81.37227852226329,3.4935729418235325e-7,-4.065417793033169e-16,47.23952291182959,0.00003438403828318777,0
7620.572122,47.23555384665638,1.0001713038604705,0.007008869235685965,47.918903800483015,82.80519800510545,0.00003293637879251691,108.59990771383866,3.208113722053707e-7,-2.487487669435644e-16,47.918903800483015,0.00003293637879251691,0
7730.342884,46.86667996577168,0.9993063760080709,0.008130711988770772,48.60808585058105,82.90779060460503,0.00003154978393288617,-63.85587204034027,2.946879426569843e-7,1.0289974933628612e-16,48.60808585058105,0.00003154978393288617,0
7841.694843,46.48945604251166,1.0004148959833001,0.009659945709359226,49.3072101681014,83.00890828671078,0.00003022165778484552,121.162019470735,2.701717739997721e-7,-2.684252843072605e-16,49.3072101681014,0.00003022165778484552,0
7954.650775,46.10851296539086,1.002135712711208,0.008827475103451351,50.016420002894044,83.1085726931915,0.00002894950776456425,-56.34274567410216,2.4748316800669664e-7,3.8382412743971004e-17,50.016420002894044,0.00002894950776456425,0
8069.233784,45.73849167016082,1.0012298244615896,0.007065070959872537,50.735860343990815,83.2068049121397,0.00002773097842371274,123.67296947888622,2.2727074585766332e-7,-1.550363002639073e-16,50.735860343990815,0.00002773097842371274,0
8185.467307,45.372912908946894,0.9995880371435449,0.008026822585431014,51.46567805730073,83.30362612158035,0.00002656382787398771,-58.90949618910423,2.089227150661026e-7,-6.002859732459091e-16,51.46567805730073,0.00002656382787398771,0
8303.37512,44.994474126241045,1.0009204652431571,0.008974530604966459,52.20602258286126,83.39905737609224,0.000025445869724420474,115.82120278392767,1.9148809684817544e-7,-2.213320092741519e-16,52.20602258286126,0.000025445869724420474,0
8422.981339,44.61969087244082,1.0010933990458184,0.006794613018711877,52.95704560090809,83.49311881000465,0.000024375008380383975,-72.07120541505776,1.7565618952249393e-7,3.1483487477175837e-16,52.95704560090809,0.000024375008380383975,0
8544.310429,44.257535651413775,0.9986026149357203,0.007130860850809312,53.71890039890909,83.58583034673727,0.000023349282627716223,97.33858304539297,1.616024480148436e-7,3.4249611287398525e-16,53.71890039890909,0.000023349282627716223,0
8667.387209,43.880956342153695,0.9995604319947503,0.008606635551415822,54.49174284477526,83.67721216323308,0.000022366781283896027,-96.00924197009783,1.481801412463141e-7,-1.3694209114215976e-16,54.49174284477526,0.000022366781283896027,0
8792.236851,43.509463269048716,0.9990466179238097,0.007015363031818275,55.27573129295711,83.76728347174488,0.000021425660254091894,67.87472821294887,1.3603187903919546e-7,-2.0172550472515945e-17,55.27573129295711,0.000021425660254091894,0
8918.884894,43.14320314044466,0.9977022292342409,0.009369776363099852,56.07102574557904,83.85606340230304,0.000020524199828482644,-131.16214818806958,1.250301304354205e-7,-4.51265595870714e-17,56.07102574557904,0.000020524199828482644,0
9047.357242,42.75913930741916,1.0002502679846081,0.009397293984750104,56.87778914356526,83.94357111431201,0.000019660704568663688,27.06822312287386,1.1444802457256705e-7,3.004396158554905e-17,56.87778914356526,0.000019660704568663688,0
9177.680175,42.390091984096856,0.9993059765183379,0.009134444940962277,57.6961864864426,84.02982480808092,0.000018833577511862528,-177.63871366309286,1.0512440933044387e-7,3.507554251627889e-16,57.6961864864426,0.000018833577511862528,0
9309.880348,42.00551816631141,1.0019709899471878,0.00905771298731983,58.526385080230064,84.11484308059018,0.000018041287447327285,-25.344890059130194,9.621575383502543e-8,-2.222490080799717e-17,58.526385080230064,0.000018041287447327285,0
9443.984802,41.63972615945891,1.0000740309478247,0.0064862273758140255,59.36855491344251,84.19864362930103,0.000017282355820118695,124.12171471774877,8.844371697626479e-8,4.469603372470111e-17,59.36855491344251,0.000017282355820118695,0
9580.020968,41.26643875911766,1.0002173138586459,0.007324170474603541,60.22286797330295,84.28124440519883,0.000016555391487839857,-89.56068477086524,8.115929131650317e-8,1.670208556198666e-16,60.22286797330295,0.000016555391487839857,0
9718.016671,40.90363645697036,0.9978689483708507,0.0073537692063508015,61.08949920355811,84.3626627409461,0.000015859034709776047,53.648150357636496,7.465484805836578e-8,-1.1090147862420511e-16,61.08949920355811,0.000015859034709776047,0
9858.000137,40.51921620221834,1.0006554435617523,0.009095370777429246,61.96862573471165,84.44291605958733,0.000015192001129298311,-166.25477121671275,6.833071898089559e-8,-1.6090761943592086e-16,61.96862573471165,0.000015192001129298311,0
10000,40.14787184646412,1.0001830964717406,0.00792339840423759,62.860427602464995,84.5220210551429,0.000014553043941088704,-29.226841198888735,6.273090526447192e-8,8.097253369313932e-17,62.860427602464995,0.000014553043941088704,0
10144.045304,39.771712140379364,1.0007359547608818,0.0056760119108766206,63.765087120538105,84.59999452074413,0.000013940984014013813,104.55068519391818,5.75261864093602e-8,1.9273353809225585e-16,63.765087120538105,0.000013940984014013813,0
10290.165513,39.40875447167843,0.9986344826457804,0.008199781600044377,64.68278919334476,84.67685275834728,0.000013354695731644789,-124.99287376445909,5.291390549991319e-8,-2.706543198439328e-16,64.68278919334476,0.000013354695731644789,0
10438.390514,39.031261771137615,0.9996438341200025,0.007699288705827667,65.61372172114653,84.75261212093685,0.000012793081387879979,2.2426317591643965,4.850880179155599e-8,-1.7062789581618328e-16,65.61372172114653,0.000012793081387879979,0
10588.750628,38.649322393925594,1.0016133635438236,0.006289944663036734,66.55807508669484,84.82728846839423,0.000012255104110116211,126.08728307660385,4.4424915416473645e-8,-3.192199335579132e-16,66.55807508669484,0.000012255104110116211,0
10741.276608,38.28947106818266,0.998677445697312,0.007378620459727471,67.51604238344335,84.90089735921724,0.000011739771172585007,-113.45629077451434,4.089229423318092e-8,1.5262261687081874e-16,67.51604238344335,0.000011739771172585007,0
10895.999653,37.91328625178965,0.999446628056627,0.007606781974681377,68.48781961182428,84.97345443567536,0.00001124612498036276,3.5496467278627506,3.749928571510916e-8,3.093539789911068e-16,68.48781961182428,0.00001124612498036276,0
11052.951411,37.53307502804775,1.0009562115917878,0.00529278065165531,69.47360559233394,85.04497485832745,0.000010773249952866922,117.08575012881863,3.435594295864924e-8,1.6786946690099923e-16,69.47360559233394,0.000010773249952866922,0
11212.163986,37.167116507398944,0.9995118762501851,0.007431739173909059,70.47360183607267,85.11547353958726,0.000010320277247847902,-132.97195288943863,3.157955609388084e-8,1.2787246882501975e-16,70.47360183607267,0.000010320277247847902,0
11373.669943,36.78939977665174,1.0006373269435873,0.007641404887869366,71.48801299543368,85.1849653559597,0.000009886362773013913,-26.633691080533822,2.894905209964271e-8,-3.3777102079049866e-16,71.48801299543368,0.000009886362773013913,0
11537.502317,36.425676045261326,0.9983923027665828,0.0058493344802303835,72.51704657755775,85.25346476435291,0.00000947070356478409,76.12222713646656,2.662330544175591e-8,4.5852737895322206e-17,72.51704657755775,0.00000947070356478409,0
11703.694619,36.04597871095997,1.0000255221553676,0.006723363988093675,73.56091296562967,85.32098618576111,0.000009072534507531562,175.13805130878336,2.439451798822831e-8,2.786319964274764e-16,73.56091296562967,0.000009072534507531562,0
11872.280844,35.673566491458956,0.9997760303680305,0.004738321261570498,74.61982579596466,85.38754366968284,0.000008691114760275991,-89.58848575199403,2.2389841509028572e-8,-5.0051992488508096e-17,74.61982579596466,0.000008691114760275991,0
12043.295474,35.29710726297901,1.0007528598516828,0.0068692729229005494,75.69400154035682,85.4531511471513,0.000008325743392311973,1.816117531246391,2.0530763322527257e-8,-4.689783648053313e-16,75.69400154035682,0.000008325743392311973,0
12216.77349,34.92621135266024,1.0001867830088766,0.005256782595183415,76.78366004796018,85.51782230037561,0.000007975739811877318,89.4384907500662,1.885018016660949e-8,6.599872357758276e-16,76.78366004796018,0.000007975739811877318,0
12392.750375,34.55020456102825,1.0010364506222291,0.0071164414717344105,77.88902408990772,85.5815706441515,0.000007640460867664969,173.021908453087,1.728680871159351e-8,2.604700988151637e-16,77.88902408990772,0.000007640460867664969,0
12571.262124,34.18306536087902,0.999628695621217,0.005786598058355333,79.01031986029089,85.64440944818057,0.000007319283130254901,-107.22685257413877,1.5885500636019438e-8,-8.028298645695893e-17,79.01031986029089,0.000007319283130254901,0
12752.345251,33.802957142792074,1.0013384044547584,0.006330946520695262,80.1477766435869,85.70635185230677,0.000007011615384290371,-31.63711603997797,1.4554258509064706e-8,3.8167745311926985e-16,80.1477766435869,0.000007011615384290371,0
12936.036796,33.437571056413155,0.9996286119933634,0.006546806086167409,81.30162714431061,85.76741070823604,0.00000671688767583903,39.94050227955154,1.3379857123258413e-8,1.22672064650104e-16,81.30162714431061,0.00000671688767583903,0
13122.374331,33.059923846570804,1.0006290994301228,0.004847718252506925,82.47210737705556,85.82759878024584,0.000006434554892534296,107.36619256715176,1.2265542308619978e-8,3.347546546560507e-16,82.47210737705556,0.000006434554892534296,0
13311.395971,32.686059190009516,1.0009408191104523,0.006037284417036931,83.65945671869707,85.88692856258922,0.000006164096812362852,170.52453540606098,1.1253828413503304e-8,1.1577030166010246e-16,83.65945671869707,0.000006164096812362852,0
13503.140379,32.32104973875209,0.9990893474373386,0.00528588602434639,84.86391808570774,85.94541239300368,0.000005905011992353374,-130.53165002657067,1.0346640131734855e-8,-3.968845992105058e-17,84.86391808570774,0.000005905011992353374,0
13697.646775,31.946387204844978,0.9994417464428252,0.0041480676318348085,86.08573782190896,86.0030624571687,0.000005656822337976826,-75.93605462993867,9.49146150502081e-9,-4.395899338026839e-16,86.08573782190896,0.000005656822337976826,0
13894.954944,31.571267234485024,1.0000635679579342,0.005660240069115727,87.32516582144731,86.05989071987226,0.000005419070010935594,-25.77563865925333,8.706048729313642e-9,-1.6251916808455703e-16,87.32516582144731,0.000005419070010935594,0
14095.105244,31.20112857829838,0.9995101857908998,0.0068141486153960535,88.58245563091495,86.11590898025165,0.0000051913149305314136,19.88759495989268,7.994793082733814e-9,4.832066380929176e-18,88.58245563091495,0.0000051913149305314136,0
14298.138616,30.830235682508537,0.9989947357673334,0.005550833392261177,89.85786444532282,86.17112887758901,0.000004973136003631311,61.15104280242031,7.340369777936245e-9,3.2806256580427774e-16,89.85786444532282,0.000004973136003631311,0
14504.096588,30.46242150012372,0.9977392191905883,0.003754822986955273,91.15165312020652,86.22556186682672,0.000004764130710577481,97.78281212314005,6.744294407573838e-9,3.1618044161864773e-16,91.15165312020652,0.000004764130710577481,0
14713.021288,30.048183270748883,1.0076547418761028,0.01018836517107524,92.46408622975338,86.27921928455251,0.0000045639146730832665,129.5665137400706,6.130737160569271e-9,7.520574226392933e-17,92.46408622975338,0.0000045639146730832665,0
14924.955451,29.701565910462623,1.0014020734428153,0.006412056186574211,93.79543237464799,86.3321121550038,0.000004372114640531116,156.88292097709268,5.6604500354641e-9,2.16083893945999e-16,93.79543237464799,0.000004372114640531116,0
15139.942425,29.334183976928298,1.000094391791205,0.0053507286664648684,95.14596376088566,86.38425152196936,0.000004188378907646676,179.38147547785456,5.201310350173777e-9,2.458772216596275e-17,95.14596376088566,0.000004188378907646676,0
15358.026185,28.964037986455878,0.9995145319891691,0.005959665952436763,96.51595664909394,86.43564817234922,0.000004012367939066283,-163.0846357497024,4.776372275919172e-9,-6.582615398068427e-16,96.51595664909394,0.000004012367939066283,0
15579.25134,28.58968507105486,0.9998172705718572,0.004884740388420684,97.90569129149321,86.48631275352125,0.000003843756301686769,-150.37941969256303,4.381904187944544e-9,2.754176076004004e-16,97.90569129149321,0.000003843756301686769,0
15803.66314,28.220381148278427,0.9990327935021474,0.005253253371805725,99.31545193384352,86.53625574843821,0.000003682233104544954,-142.7682042416851,4.024690466911899e-9,-1.2264271963795641e-16,99.31545193384352,0.000003682233104544954,0
16031.307485,27.84450861837452,0.9997085077891422,0.004571221471183724,100.74552693367208,86.58548750229909,0.0000035274998955871186,-140.1513530538254,3.691010086825281e-9,2.158627856117219e-16,100.74552693367208,0.0000035274998955871186,0
16262.230941,27.474233150047876,0.9991648250054526,0.005253195127476035,102.19620881253437,86.6340181942281,0.0000033792712968754908,-142.7652023294297,3.389359886404842e-9,-1.673853441799098e-16,102.19620881253437,0.0000033792712968754908,0
16496.480741,27.09995378246139,0.9994756785605383,0.004565529297220538,103.66779430478424,86.68185786856482,0.000003237273461546359,-150.52089526622194,3.109494181166024e-9,4.0420747529324245e-16,103.66779430478424,0.000003237273461546359,0
16734.104799,26.724999684946496,1.0000194119844774,0.00543831330344258,105.16058440093342,86.72901641497009,0.000003101244578572701,-163.6480797794881,2.8522943306063213e-9,1.5484583948990817e-16,105.16058440093342,0.000003101244578572701,0
16975.15172,26.353280783114844,0.9997655380800985,0.005229492765602446,106.67488445720437,86.77550358045653,0.0000029709333824448147,177.90185358646772,2.618318344591879e-9,1.2599080994600203e-16,106.67488445720437,0.0000029709333824448147,0
17219.670809,25.976433646410047,1.0006631969650666,0.004350063024587529,108.21100421454128,86.82132897561232,0.0000028460994590373207,154.01974468504295,2.4006991286957043e-9,-1.1924226740644933e-16,108.21100421454128,0.0000028460994590373207,0
17467.71208,25.602031990146745,1.0010267676946438,0.00407279483068832,109.76925786835254,86.86650206385858,0.0000027265125441800985,124.57546935870084,2.2024069517979704e-9,-3.5307662190343437e-16,109.76925786835254,0.0000027265125441800985,0
17719.32627,25.233952825849705,0.9999415569351867,0.003978152094593399,111.3499641632739,86.9110321741327,0.000002611951949586331,89.55312652489613,2.023436840057795e-9,3.096429676205009e-16,111.3499641632739,0.000002611951949586331,0
17974.564843,24.865266307535844,0.9990196523915829,0.004351138859465055,112.95344640921265,86.95492850336242,0.0000025022063286391114,48.788391963847175,1.8587500831472046e-9,2.1872534918227554e-16,112.95344640921265,0.0000025022063286391114,0
18233.480009,24.489536391407547,0.9997158921061005,0.004630421818779825,114.5800326066919,86.99820011519326,0.0000023970731815257685,2.2896936330419067,1.7047001891594089e-9,-1.1593109450282378e-16,114.5800326066919,0.0000023970731815257685,0
18496.124725,24.11335062790628,1.000458351423548,0.0035686240660450716,116.23005545273926,87.04085593672337,0.0000022963585038850174,-50.042978463517215,1.5632535838320591e-9,3.7704071218675155e-16,116.23005545273926,0.0000022963585038850174,0
18762.552716,23.7445752417067,0.9995254366261087,0.003218150428056637,117.90385246149532,87.08290476660463,0.000002199876601098808,-108.33773763155966,1.4359915831922303e-9,-1.74821484893196e-16,117.90385246149532,0.000002199876601098808,0
19032.818477,23.370284494135216,0.9999249889555943,0.00424044479204562,119.60176598901907,87.12435528161254,0.00000210744952672207,-172.66961451531864,1.317415654121273e-9,9.240222431506188e-17,119.60176598901907,0.00000210744952672207,0
19306.977289,22.995332187500026,1.0003851629567293,0.0031487042938751915,121.32414334116207,87.16521602822257,0.0000020189066676001635,116.91577035656405,1.208446947284772e-9,-5.847851083855493e-16,121.32414334116207,0.0000020189066676001635,0
19585.08523,22.62772254164969,0.9992280007897297,0.0037674034356001075,123.07133681501902,87.20549542866338,0.0000019340848494326642,40.27342956779171,1.110367200078551e-9,5.288640676123214e-18,123.07133681501902,0.0000019340848494326642,0
19867.199185,22.250385787985607,1.0002826071507949,0.00369420856757291,124.84370379184331,87.24520178941795,0.0000018528275587761158,-42.62980888986971,1.017965240951937e-9,-2.0698624680506977e-16,124.84370379184331,0.0000018528275587761158,0
20000,22.075379273293624,1.0005860957649755,0.0033907476634926735,125.67802036829106,87.26350483221673,0.0000018161502151814476,108.87348870755523,9.777600701467224e-10,-2.0470940509336905e-16,125.67802036829106,0.0000018161502151814476,0
