frequency_hz,spl_db,za_real_normalized,za_imag_normalized,ze_ohm,ze_phase_deg,excursion_peak_mm,phase_deg,mouth_power_w,power_relative_residual,ze_ohm_Nd,excursion_peak_mm_Nd,port_velocity_peak_ms_Nd
10,57.56588162557869,0.000043710744408297835,0.0645985529083326,6.19662860853882,13.560643059582842,0.7939801413449233,165.44712746148184,0.000003461645038894473,-4.4901651006425136e-17,6.19662860853882,0.7939801413449233,0
10.144045,57.81584881445815,0.00004501655614550382,0.0655369050898471,6.202496665058734,13.755397948432382,0.7937577509598057,165.2371541095522,0.000003666732700274668,-1.1050960477092998e-16,6.202496665058734,0.7937577509598057,0
10.290166,58.06586241522642,0.0000463625140569921,0.0664891280894741,6.208544892564263,13.95293341489232,0.7935289511617494,165.0241389974234,0.000003884012435509388,-2.2391276721856847e-16,6.208544892564263,0.7935289511617494,0
10.438391,58.31592050309595,0.00004774990122341083,0.06745542477166154,6.214779046086997,14.153285719689965,0.7932935615773961,164.80804037226608,0.000004114209669065379,-9.363423118348342e-17,6.214779046086997,0.7932935615773961,0
10.588751,58.56602561638603,0.00004918007027888113,0.06843601853871262,6.221205193631938,14.356495097675428,0.793051392664394,164.58881206106798,0.000004358097396872849,-2.850245211146692e-16,6.221205193631938,0.793051392664394,0
10.741277,58.816179558334696,0.000050654417923333533,0.06943113383270805,6.227829601792286,14.562601697614655,0.7928022502249918,164.366407841483,0.000004616494537736189,-1.6173956401157528e-16,6.227829601792286,0.7928022502249918,0
10.896,59.06638344035276,0.000052174386476354567,0.0704409961784368,6.23465874290828,14.771645578188302,0.7925459353199055,164.14078143964286,0.000004890268607413996,-1.9508493829886268e-16,6.23465874290828,0.7925459353199055,0
11.052951,59.31663772382467,0.00005374146549647778,0.07146583222800665,6.241699302545007,14.983666703796732,0.792282244181559,163.9118865279073,0.00000518033854429731,4.4716735027492775e-17,6.241699302545007,0.792282244181559,0
11.212164,59.566946943902,0.00005535722416287663,0.07250588940897844,6.24895832520038,15.198708991801263,0.7920109629790284,163.67967234675416,0.0000054876836129305015,1.2190391908767891e-16,6.24895832520038,0.7920109629790284,0
11.37367,59.81731018515974,0.00005702325316761857,0.07356139679558864,6.256442953500995,15.416812202578352,0.7917318778066694,163.44409245256702,0.000005813335513097055,2.5846098128781053e-16,6.256442953500995,0.7917318778066694,0
11.537502,60.067729040390034,0.00005874121693181421,0.07463259781537915,6.264160663091792,15.638018688401779,0.7914447661310224,163.2050974227567,0.0000061583912152362224,1.5517364825262478e-16,6.264160663091792,0.7914447661310224,0
11.703695,60.31820743478149,0.000060512857281725005,0.07571975033265033,6.2721192794729586,15.862373385928498,0.7911493964520592,162.96263485165218,0.000006524017445351438,2.0909468087950147e-16,6.2721192794729586,0.7911493964520592,0
11.872281,60.56874407946535,0.00006233994267944339,0.07682309400516761,6.280326750310477,16.08991706022667,0.7908455370289491,162.71665664181296,0.0000069114437557521915,1.8163387794061493e-16,6.280326750310477,0.7908455370289491,0
12.043295,60.81934155680686,0.00006422433438095099,0.07794288959215359,6.2887914430631655,16.320694398712316,0.7905329451167018,162.46711024744593,0.000007321979791166338,-2.0184608789579455e-16,6.2887914430631655,0.7905329451167018,0
12.216773,61.070003181559294,0.00006616796887242157,0.07907940595909553,6.2975220665572245,16.554751303009997,0.7902113702154582,162.21394158782664,0.000007757016019959414,-1.8145267070410496e-16,6.2975220665572245,0.7902113702154582,0
12.39275,61.32073011403392,0.00006817283829339936,0.08023290704710584,6.306527583593793,16.792132183417298,0.789880557619706,161.95709796231404,0.000008218023552693353,-1.1537830093173431e-16,6.306527583593793,0.789880557619706,0
12.571262,61.57152429313163,0.00007024101542707167,0.08140366504378241,6.315817323817812,17.032882650335726,0.7895402446030042,161.69652512801792,0.000008706564055073178,-3.85489325939611e-16,6.315817323817812,0.7895402446030042,0
12.752345,61.82238700346116,0.00007237464549053846,0.08259195390820036,6.325400947529793,17.277048157299774,0.7891901621231426,161.4321687551701,0.000009224292599311965,1.8038908877269637e-16,6.325400947529793,0.7891901621231426,0
12.936037,62.0733216297961,0.00007457597315083305,0.08379806258080987,6.335288567807735,17.524676689026986,0.7888300307631914,161.16397150293005,0.000009772969270019383,4.372674104112219e-17,6.335288567807735,0.7888300307631914,0
13.122374,62.32432815771944,0.00007684729840796021,0.08502226881300919,6.345490553217512,17.775813359697864,0.7884595683506248,160.89187885466822,0.000010354453592176422,-2.495620173717815e-16,6.345490553217512,0.7884595683506248,0
13.311396,62.5754113181264,0.00007919105271705542,0.08626487866448494,6.35601787070338,18.03050849099238,0.7880784779388833,160.61583035244473,0.00001097072937411699,1.3790949536868672e-16,6.35601787070338,0.7880784779388833,0
13.50314,62.826571152736335,0.00008160971754201007,0.08752618061006803,6.36688172085352,18.28880816769927,0.7876864615356661,160.33576981344356,0.000011623889839770506,-1.8333525788904374e-16,6.36688172085352,0.7876864615356661,0
13.697647,63.07781231044962,0.00008410591526275569,0.0888064916581425,6.378093947451184,18.550763658983254,0.7872832057955191,160.051635101775,0.000012316167913135445,3.302846177225084e-16,6.378093947451184,0.7872832057955191,0
13.894955,63.32913487436233,0.00008668232516459701,0.09010611140917885,6.389666661498704,18.816421977287977,0.7868683961358452,159.76336834702852,0.000013049920249865883,9.157792446392053e-17,6.389666661498704,0.7868683961358452,0
14.095105,63.58054215531141,0.00008934176441581152,0.09142536164924596,6.40161260648201,19.08583394771236,0.7864417041697113,159.47090717407877,0.000013827656603965618,-1.9282748458640802e-16,6.40161260648201,0.7864417041697113,0
14.298139,63.832038009643085,0.00009208716842630119,0.09276457332570898,6.413945071875411,19.359051499663288,0.7860027914866222,159.1741876173021,0.0000146520425489396,7.142839764204061e-17,6.413945071875411,0.7860027914866222,0
14.504097,64.0836231583147,0.00009492155485993216,0.0941240668714209,6.426677733405411,19.636123616909007,0.7855513159884514,158.87314849869415,0.000015525896475956428,-3.235472967963866e-16,6.426677733405411,0.7855513159884514,0
14.713021,64.33530018431013,0.00009784808240972064,0.09550417870315987,6.439824919215922,19.917101706785182,0.7850869231076089,158.56772557583554,0.000016452215467296306,-1.7751067319868397e-16,6.439824919215922,0.7850869231076089,0
14.924955,64.5870734054355,0.00010087005819947198,0.09690526139108736,6.45340164554201,20.202039581833702,0.7846092453636034,158.2578515329178,0.000017434187433844754,2.7250790026299947e-16,6.45340164554201,0.7846092453636034,0
15.139942,64.83894526271014,0.00010399090167663442,0.09832766398110074,6.467423457191247,20.49098940870955,0.7841179088108743,157.94346035871285,0.00001847518927993293,-1.3501222364879631e-16,6.467423457191247,0.7841179088108743,0
15.358026,65.09091874053196,0.00010721417873308307,0.09977174535006689,6.481906583832377,20.784004380667948,0.7836125283853381,157.62448441485117,0.000019578807854310243,-1.980133612060349e-16,6.481906583832377,0.7836125283853381,0
15.579251,65.34299619727231,0.00011054359374426743,0.10123786774219219,6.496867907579733,21.08113735495939,0.7830927099640342,157.3008558897236,0.000020748848035571574,3.1520460253949795e-16,6.496867907579733,0.7830927099640342,0
15.803663,65.5951816395233,0.00011398302674059412,0.10272641018668902,6.5123251337753185,21.382443519021287,0.7825580454191481,156.97250386362464,0.00002198935720234783,7.554061024953129e-17,6.5123251337753185,0.7825580454191481,0
16.031307,65.84747730745156,0.00011753649558829919,0.10423774878394151,6.528296625224101,21.687976339948452,0.7820081194328717,156.63935868801445,0.00002330462403168267,1.7616634453581881e-16,6.528296625224101,0.7820081194328717,0
16.262231,66.09988813656852,0.00012120822578087832,0.10577228342964703,6.544801720539938,21.997792911191986,0.7814424996445077,156.30134612218285,0.00002469921689364759,-1.123986029270126e-16,6.544801720539938,0.7814424996445077,0
16.496481,66.35241622145996,0.0001250025806011104,0.10733040480472852,6.561860425467561,22.311947217643507,0.7808607484861465,155.95839464003075,0.00002617797160825997,3.3921438530563345e-16,6.561860425467561,0.7808607484861465,0
16.734105,66.60506523203831,0.00012892413268365208,0.10891252113490868,6.579493740373304,22.630495477648033,0.7802624132225685,155.61042956478434,0.00002774603267640698,-9.408712218630784e-17,6.579493740373304,0.7802624132225685,0
16.975152,66.85783926726695,0.0001329776585219297,0.11051905177503592,6.597723642107911,22.953494771564554,0.7796470280124174,155.25737451987789,0.00002940886724658615,-2.260018013592359e-17,6.597723642107911,0.7796470280124174,0
17.219671,67.11074179956032,0.00013716813173607516,0.11215042076550283,6.616573061005739,23.281001671558286,0.7790141161697823,154.89915288099087,0.000031172278678916985,6.794096241128569e-17,6.616573061005739,0.7790141161697823,0
17.467712,67.36377673155195,0.0001415007502417849,0.11380706372208547,6.6360660111905405,23.613073549818647,0.7783631873509135,154.53568629839765,0.00003304243492524865,4.745362034833379e-17,6.6360660111905405,0.7783631873509135,0
17.719326,67.61694836914,0.00014598094804532083,0.11548942808993533,6.656227652740408,23.949768542972127,0.7776937372003467,154.1668946824202,0.00003502589223355413,1.3054314513333546e-16,6.656227652740408,0.7776937372003467,0
17.974565,67.87026139627609,0.0001506144077588569,0.11719797341071807,6.677084358181123,24.291145513861505,0.7770052469901555,153.79269618806597,0.000037129620455942595,4.244505991318253e-17,6.677084358181123,0.7770052469901555,0
18.23348,68.12371890696032,0.00015540703650309065,0.11893315819212931,6.6986636153193615,24.637261337576454,0.7762971887591074,153.4130101320709,0.00003936101245067365,2.4941256338593495e-16,6.6986636153193615,0.7762971887591074,0
18.496125,68.37732635169618,0.00016036505255455393,0.12069546697724143,6.720994429987489,24.98817620738212,0.7755690141519627,153.0277511115571,0.00004172794577672354,-4.087783417325763e-16,6.720994429987489,0.7755690141519627,0
18.762553,68.63108759899609,0.00016549492617208057,0.1224853838454496,6.744107073821893,25.343948240303337,0.7748201649821522,152.6368348518455,0.00004423877882317866,-8.134710992481875e-17,6.744107073821893,0.7748201649821522,0
19.032818,68.88500691132444,0.00017080343127859763,0.12430340611470667,6.76803333279665,25.704636102063855,0.7740500674945837,152.2401752557878,0.00004690239947783263,1.7718529545426556e-16,6.76803333279665,0.7740500674945837,0
19.306977,69.13909076497947,0.00017629770267192486,0.12615005816097533,6.792806782935236,26.070301619145503,0.7732581261624651,151.8376814471311,0.00004972828098151084,-2.322082805393347e-16,6.792806782935236,0.7732581261624651,0
19.585085,69.39334316584343,0.00018198515468481968,0.12802585812053127,6.818462443531688,26.441003048734917,0.7724437376356872,151.42926508871562,0.0000527264688093253,-2.6169002352949584e-16,6.818462443531688,0.7724437376356872,0
19.867199,69.64776940216068,0.0001878735782998868,0.12993134516406957,6.845037237147718,26.81680035405189,0.7716062789817126,151.01483448988824,0.000055907659363912975,-3.1367384663306605e-16,6.845037237147718,0.7716062789817126,0
20.153377,69.90237508194166,0.000193971141887634,0.13186707317002805,6.87257001800427,27.1977538004332,0.770745110107289,150.59429605030846,0.000059283232810607254,-2.504710560184196e-16,6.87257001800427,0.770745110107289,0
20.443677,70.15716524598997,0.00020028639073459774,0.13383360436219818,6.901101597709425,27.583922550929813,0.7698595764139619,150.16755570518148,0.00006286528587329916,-1.1436374644679382e-16,6.901101597709425,0.7698595764139619,0
20.738158,70.41214527271008,0.000206828290089434,0.13583151648596356,6.930674970843785,27.975365919166006,0.7689490054716892,149.73451743063742,0.00006666669069496748,-1.913872679196872e-16,6.930674970843785,0.7689490054716892,0
21.036882,70.66732256076278,0.0002136062953509382,0.13786141686912512,6.961335667535134,28.372145937482415,0.7680127002820908,149.29508027326779,0.00007070117414981393,-1.6638644448349956e-16,6.961335667535134,0.7680127002820908,0
21.339908,70.92270137972662,0.00022063024242917014,0.13992390214685496,6.9931312969700725,28.774319291438115,0.7670499576067069,148.84914714634124,0.00007498329282739551,-1.042253396172151e-16,6.9931312969700725,0.7670499576067069,0
21.6473,71.17828969312691,0.0002279105570599316,0.14201961313564665,7.026112538584531,29.18194784254899,0.7660600424491366,148.3966130301718,0.00007952860040270145,-8.998717717760376e-17,7.026112538584531,0.7660600424491366,0
21.959119,71.43409240497752,0.00023545809893485471,0.1441491809197129,7.060332486222949,29.595087898808636,0.7650422130248671,147.93737671200063,0.00008435359782110014,-2.1775033312706275e-16,7.060332486222949,0.7650422130248671,0
22.27543,71.69011719925494,0.00024328435790746362,0.1463132751142476,7.095847592767609,30.013799377877845,0.7639956978700135,147.47133044727616,0.00008947590302070438,-1.5514362199297729e-16,7.095847592767609,0.7639956978700135,0
22.596297,71.94637040152865,0.0002514013680904854,0.1485125703448741,7.1327173438112395,30.438139046483354,0.7629197115892863,146.99836728508308,0.00009491424781615804,-1.1473822557915275e-16,7.1327173438112395,0.7629197115892863,0
22.921786,72.20285942740132,0.00025982181696911836,0.15074776737344708,7.171004823432732,30.8681643492428,0.7618134445687659,146.5183766104061,0.00010068860245438898,1.0602889201077785e-16,7.171004823432732,0.7618134445687659,0
23.251963,72.45959117848311,0.00026855903353443687,0.15301958005429978,7.210776740078772,31.30393060499359,0.7606760692034152,146.03124705079745,0.00010682022491265424,2.8961722557287495e-16,7.210776740078772,0.7606760692034152,0
23.586897,72.71657437537525,0.0002776271089513351,0.15532875667286408,7.252104065584451,31.745494792878112,0.759506729095638,145.53686200672496,0.0001133318055341519,-1.9672114227720294e-16,7.252104065584451,0.759506729095638,0
23.926655,72.97381569132462,0.0002870408072595122,0.15767604625041737,7.295061729840496,32.1929087663747,0.7583045558966705,145.03510698365972,0.0001202474677089784,-2.1530761302421047e-16,7.295061729840496,0.7583045558966705,0
24.271307,73.23132361090863,0.0002968157469599021,0.16006223376492626,7.339729562615014,32.646225639660656,0.7570686514598692,144.52586216430234,0.00012759296547785982,-4.495948678851469e-17,7.339729562615014,0.7570686514598692,0
24.620924,73.48910686301095,0.00030696840007617354,0.1624881272341302,7.386192419641049,33.105496916484235,0.7557980941638658,144.00900530630554,0.000135395757548532,-2.80514185051124e-17,7.386192419641049,0.7557980941638658,0
24.975577,73.74717369743337,0.00031751611725826164,0.16495455163133693,7.434540443449788,33.570770925848905,0.7544919420895726,143.4844131664065,0.00014368510177921066,-1.1112922936604327e-17,7.434540443449788,0.7544919420895726,0
25.335338,74.00553264601936,0.00032847721426385815,0.16746235671070347,7.484869624505603,34.04209386129377,0.7531492289700353,142.95195996551615,0.00015249220168038328,7.997247929712166e-17,7.484869624505603,0.7531492289700353,0
25.700282,74.26419393085575,0.00033987109873092047,0.17001243197693494,7.537282571511461,34.519512088112556,0.7517689560292982,142.41151436399957,0.0001618503948668193,6.315828746208343e-18,7.537282571511461,0.7517689560292982,0
26.070482,74.5231658986526,0.00035171818453505596,0.17260567282733283,7.5918883308787075,35.00306525743685,0.7503501102062221,141.86294679801756,0.0001717951741684739,4.654926987447846e-16,7.5918883308787075,0.7503501102062221,0
26.446016,74.78245996242134,0.0003640401862709128,0.17524303060969307,7.648803984592964,35.49279508154863,0.7488916369767362,141.30611904083867,0.0001823645277963025,2.5409811005528014e-16,7.648803984592964,0.7488916369767362,0
26.826958,75.04208433130627,0.0003768599087621806,0.17792545069550553,7.708153954684693,35.98873316595317,0.7473924743887727,140.74089746739855,0.00019359886342446128,-6.744811113735374e-17,7.708153954684693,0.7473924743887727,0
27.213388,75.3020509204287,0.00039020166119217763,0.1806539439459736,7.770072229996457,36.49091358581763,0.7458515136213173,140.1671381477704,0.0002055414719113047,2.853569441364511e-16,7.770072229996457,0.7458515136213173,0
27.605384,75.56236985932223,0.0004040910848431143,0.183429531782033,7.834701928056801,36.99936194344003,0.74426762959151,139.58469862858874,0.00021823849404438303,3.5856788017151065e-16,7.834701928056801,0.74426762959151,0
28.003026,75.8230522334431,0.0004185553870763167,0.18625327572118977,7.902196787300733,37.51410000221565,0.7426396646313402,138.99343191026276,0.00023173924811421246,5.907105515955599e-17,7.902196787300733,0.7426396646313402,0
28.406397,76.08411069164436,0.00043362349218554086,0.18912628608720652,7.972722339153462,38.03514632120278,0.7409664233952609,138.39318485862213,0.00024609650123813824,6.67343029093507e-17,7.972722339153462,0.7409664233952609,0
28.815578,76.34555619810916,0.00044932597453503024,0.19204968802138297,8.046456129065914,38.562509069265985,0.7392466927926254,137.78380554207786,0.0002613665408131066,-6.408152222220302e-18,8.046456129065914,0.7392466927926254,0
29.230652,76.60740067184834,0.000465695329994635,0.19502465152975276,8.12358959639126,39.096190399312164,0.7374792249774996,137.16513717877388,0.00027760957253657604,5.204693353334665e-16,8.12358959639126,0.7374792249774996,0
29.651706,76.86965819319124,0.00048276620088455186,0.1980524077692598,8.20432983979279,39.63618808918437,0.735662727679763,136.53701503277307,0.0002948900978178785,1.929672411249369e-16,8.20432983979279,0.735662727679763,0
30.078825,77.1323412304165,0.0005005752890040587,0.20113420793382672,8.28890001627402,40.18248680552131,0.7337958890151068,135.89927523662413,0.0003132769870076216,2.1766718720385674e-16,8.28890001627402,0.7337958890151068,0
30.512097,77.39546378673866,0.0005191617181045763,0.20427136116258532,8.377541985701923,40.7350633715605,0.7318773552897897,135.25174720757389,0.0003328440125020169,4.340448337666712e-16,8.377541985701923,0.7318773552897897,0
30.951609,77.6590389526872,0.0005385670433178219,0.20746520781582875,8.470517430081621,41.293880349302064,0.7299057476968365,134.5942594843275,0.0003536700350610909,2.377833238961134e-16,8.470517430081621,0.7299057476968365,0
31.397452,77.92308193750614,0.0005588356606635866,0.21071715802564042,8.568111051869913,41.85889093019729,0.727879639212584,133.9266321063442,0.0003758396231348807,5.855664630020584e-17,8.568111051869913,0.727879639212584,0
31.849718,78.18760822880165,0.000580014893368167,0.21402867253435562,8.67063243563032,42.430033412068624,0.725797566763648,133.24868093662928,0.0003994433479181565,-1.0845667824286617e-16,8.67063243563032,0.725797566763648,0
32.308498,78.45263246121348,0.0006021551222023105,0.21740125057254675,8.778418342298673,43.00722677421052,0.7236580397209279,132.56022050039405,0.00042457812648810677,-1.667341886245398e-16,8.778418342298673,0.7236580397209279,0
32.773887,78.71817133949581,0.000625310271688582,0.22083646932118767,8.891837011312367,43.59037479727353,0.7214595158066666,131.86105631171154,0.00045134798107096183,3.031395619416246e-16,8.891837011312367,0.7214595158066666,0
33.245979,78.9842407493291,0.0006495378436110152,0.22433595019836103,9.011290594988573,44.179357262214516,0.719200423296408,131.15099218725368,0.00047986430418622654,6.994559869439668e-16,9.011290594988573,0.719200423296408,0
33.724872,79.25085861143309,0.0006748994664707469,0.2279013990270533,9.137220506087944,44.774033330806745,0.7168791362323106,130.4298225326072,0.0005102467314069051,3.028378941045362e-16,9.137220506087944,0.7168791362323106,0
34.210663,79.51804206526737,0.0007014609673571685,0.2315345724555629,9.270110883480967,45.37423198803305,0.7144939971350186,129.6973396479127,0.0005426234730407963,7.263734160040146e-16,9.270110883480967,0.7144939971350186,0
34.703452,79.78580971622071,0.0007292929394183576,0.23523731139032888,9.410495061333918,45.97975318862621,0.7120432964993725,128.95332747998236,0.000577132248108072,3.7178142347828637e-16,9.410495061333918,0.7120432964993725,0
35.203338,80.05417945547347,0.0007584709123103084,0.23901151498586556,9.558960721132452,46.59035849113979,0.7095252912662043,128.197567415369,0.0006139207547185559,7.705385678873417e-16,9.558960721132452,0.7095252912662043,0
35.710426,80.32317223603815,0.0007890761893356862,0.24285919771279754,9.716159215744378,47.20577445662207,0.7069381682970262,127.42982744202163,0.0006531479886759583,-5.293292121533943e-16,9.716159215744378,0.7069381682970262,0
36.224818,80.59280724659031,0.0008211957968009741,0.2467824260100066,9.882811342122308,47.8256756276893,0.7042800882453084,126.64987547981082,0.000694984461729531,4.0651272472374914e-17,9.882811342122308,0.7042800882453084,0
36.746619,80.86310514850999,0.0008549233528424202,0.2507833684702429,10.059718951926971,48.449684811440996,0.7015491538948706,125.85747001848097,0.0007396135943730459,1.6712922121658919e-16,10.059718951926971,0.7015491538948706,0
37.275937,81.13408803617517,0.0008903596576456801,0.2548643014533595,10.24777659324467,49.07736471344707,0.6987434080475002,125.05235978703956,0.0007872327876221085,1.0208141605453727e-16,10.24777659324467,0.6987434080475002,0
37.81288,81.40577789120283,0.0009276131328863078,0.25902759181191193,10.447984061321533,49.7082045460792,0.6958608475125933,124.23428797491886,0.0008380543010936183,-9.448521237281721e-17,10.447984061321533,0.6958608475125933,0
38.357556,81.67819663569858,0.0009668005019062614,0.2632757027280679,10.661462286761866,50.34160848634329,0.6928994218101713,123.40299189458324,0.0008923064530749437,-2.804225931806586e-16,10.661462286761866,0.6928994218101713,0
38.910079,81.95136913298526,0.0010080479961257671,0.26761124721846874,10.889474716203773,50.976888790314135,0.6898569985405758,122.55819344070824,0.000950235570538697,1.1191394002844959e-16,10.889474716203773,0.6898569985405758,0
39.47056,82.2253186953035,0.0010514915604126248,0.2720369251110083,11.133446440920574,51.6132387484541,0.6867314102976474,121.6996124212319,0.00101210655993853,1.7475564884619015e-16,11.133446440920574,0.6867314102976474,0
40.039115,82.50007106333705,0.0010972783887857065,0.27655559345694,11.394994605810817,52.24972195718352,0.6835204086462262,120.82695389995024,0.0010782053353332254,7.251602837202774e-16,11.394994605810817,0.6835204086462262,0
40.61586,82.7756519437584,0.0011455675989582542,0.28117023568080296,11.675959064201647,52.885242418554085,0.6802216893791997,119.93991538041848,0.0011488400430400393,3.0805079726332235e-16,11.675959064201647,0.6802216893791997,0
41.200912,83.05208752932819,0.0011965314606451087,0.28588397834080087,11.978442352454067,53.51851634515281,0.676832884811168,119.0381847947117,0.0012243430579972707,6.076522028736839e-16,11.978442352454067,0.676832884811168,0
41.794392,83.32940591458495,0.001250356956604372,0.29070012524037253,12.304859624354725,54.148039362466854,0.6733515436896859,118.12143534877225,0.0013050734711898444,2.7303308959732773e-17,12.304859624354725,0.6733515436896859,0
42.396421,83.60763520133727,0.0013072468834300003,0.29562213601778786,12.65799596721818,54.77203771758919,0.6697751514461505,117.18933111912133,0.0013914188748249947,8.38915896313752e-16,12.65799596721818,0.6697751514461505,0
43.007121,83.88680399952668,0.0013674215296644954,0.300653645555617,13.041080035476893,55.38841430378701,0.6661011217896425,116.24152492821463,0.0014837979617112035,-4.314041416994765e-16,13.041080035476893,0.6661011217896425,0
43.626619,84.1669432446285,0.0014311208770397084,0.3057985097593546,13.457877855695019,55.99468358509586,0.6623267692786157,115.27765148603828,0.0015826638937917292,-2.8015027075079243e-16,13.457877855695019,0.6623267692786157,0
44.25504,84.44808300296117,0.0014986059167240741,0.311060761613953,13.912802753408258,56.587877436678205,0.6584493481262065,114.29733757336078,0.0016885062421691701,-5.677781389163264e-17,13.912802753408258,0.6584493481262065,0
44.892513,84.73025520082888,0.0015701615028721463,0.3164446758184548,14.411063817543981,57.16444022040945,0.6544660123094369,113.30019198929392,0.0018018552118189363,4.80680524921384e-16,14.411063817543981,0.6544660123094369,0
45.539168,85.01349225940987,0.0016460985742491226,0.32195476034606446,14.958848325009592,57.72008330412348,0.6503738299323358,112.28580943528186,0.0019232847859184325,8.956299881369055e-16,14.958848325009592,0.6503738299323358,0
46.195138,85.29782796728533,0.0017267572259612222,0.32759579139246536,15.563560808240316,58.249601754529884,0.6461697665168268,111.2537665469913,0.0020534170650494616,-7.975694117855147e-16,15.563560808240316,0.6461697665168268,0
46.860558,85.5832970154147,0.0018125098109143813,0.33337282481206126,16.234131185713395,58.746630328656344,0.6418506866468627,110.20362255496775,0.0021929264798475684,8.471821163942973e-17,16.234131185713395,0.6418506866468627,0
47.535562,85.86993371091857,0.0019037641403174478,0.3392911913538704,16.981417055779794,59.20331863050738,0.6374133690408634,109.13492308434684,0.0023425439153511004,7.004414045068057e-16,16.981417055779794,0.6374133690408634,0
48.22029,86.1577749454755,0.0020009684820603947,0.3453565813940523,17.81874997172539,59.609901593979856,0.6328544558435997,108.04718807484164,0.0025030634851551017,1.136761461178463e-15,17.81874997172539,0.6328544558435997,0
48.91488,86.44685676893812,0.0021046150949961696,0.3515750008707959,18.76265103449921,59.95410083630644,0.6281704998369563,106.93992335915777,0.0026753465557010307,6.736861729525863e-16,18.76265103449921,0.6281704998369563,0
49.619476,86.73721771814277,0.0022152466029179015,0.35795287089416794,19.833826709321343,60.220306774335775,0.6233579054526264,105.8126067918397,0.0028603300057821633,8.86590359853522e-16,19.833826709321343,0.6233579054526264,0
50.334221,87.02889585155035,0.0023334609168300276,0.36449699698333193,21.058518173811816,60.38841523749506,0.6184129696958655,104.6646981552708,0.0030590315440727866,8.331093829463776e-16,21.058518173811816,0.6184129696958655,0
51.059262,87.32193077082748,0.0024599187749929567,0.37121464907035423,22.47040375861434,60.43216466996635,0.6133318417784748,103.49562985214322,0.0032725587153601913,1.292091207624602e-15,22.47040375861434,0.6133318417784748,0
51.794747,87.61636232789652,0.0025953509945425895,0.3781135729891586,24.113268191376626,60.316697588530324,0.6081105368520092,102.30481029935447,0.0035021166124101816,4.363811726862131e-15,24.113268191376626,0.6081105368520092,0
52.540826,87.91223096950031,0.00274056745662891,0.38520204234335154,26.04480978683965,59.99491733825061,0.6027449220447156,101.09162083044237,0.003749017495586153,-5.696829563958076e-16,26.04480978683965,0.6027449220447156,0
53.297652,88.20957804633629,0.002896467437816453,0.39248891578331807,28.342076892982075,59.40192020899494,0.597230701571214,99.85541246059006,0.004014691466071539,1.6703609330809136e-15,28.342076892982075,0.597230701571214,0
54.065379,88.50844492406047,0.0030640508455868328,0.3999836709483727,31.109144307601387,58.446303776421594,0.5915634231755318,98.59550743722207,0.004300697164675401,2.0859883587765545e-15,31.109144307601387,0.5915634231755318,0
54.844166,88.80887442516001,0.003244432491579235,0.4076965026851192,34.487564255932824,56.99632173295342,0.585738440190523,97.31119085667115,0.004608735802233076,6.445640376736103e-16,34.487564255932824,0.585738440190523,0
55.63417,89.11090798234916,0.003438855979697676,0.41563832027042297,38.668846508166105,54.85759472708605,0.5797509547897487,96.00172024769881,0.0049406622780027235,-2.9683832613598705e-15,38.668846508166105,0.5797509547897487,0
56.435554,89.41458857344028,0.003648713439019079,0.42382090042030846,43.90325807833736,51.737449872076176,0.5735959491624326,94.6663103349681,0.005298503524362438,1.842715035420728e-15,43.90325807833736,0.5735959491624326,0
57.248482,89.71995860856472,0.0038755651483334073,0.43225692090054996,50.480647601958474,47.19144406998025,0.5672682133962459,93.30413909636627,0.005684473301559377,4.955768946951974e-15,50.480647601958474,0.5672682133962459,0
58.073119,90.02705974403673,0.004121163588336391,0.44096005271904665,58.6016876757799,40.56142437217688,0.5607623365170479,91.91434551445923,0.00610099044190949,5.404983345289381e-15,58.6016876757799,0.5607623365170479,0
58.909635,90.33593413450214,0.00438748280615813,0.4499451072652626,67.92306434788216,30.98488701821718,0.5540726652396507,90.49602040282434,0.006550701100967133,5.731743096866819e-15,67.92306434788216,0.5540726652396507,0
59.758201,90.64662265787689,0.0046767502783767395,0.45922811334784036,76.52494144415739,17.76601706488187,0.5471933253916169,89.0482105406013,0.007036499092494059,-3.1329560747136463e-16,76.52494144415739,0.5471933253916169,0
60.61899,90.95916498292965,0.004991485865069595,0.46882646145355433,80.34475167393516,1.503345563921783,0.5401182047323321,87.56991431205506,0.007561550701042394,3.4556115811588567e-15,80.34475167393516,0.5401182047323321,0
61.492178,91.27359957242817,0.005334547764124841,0.47875906724827605,76.49166216983326,-15.055846783185798,0.5328409354657615,86.06007715237445,0.008129322023938831,1.2353040021462608e-15,76.49166216983326,0.5328409354657615,0
62.377944,91.58996326137836,0.0057091864758244334,0.4890465457518843,67.34539062325491,-28.881433224256504,0.5253548851580292,84.5175885403778,0.008743608353931447,-9.995402758820218e-16,67.34539062325491,0.5253548851580292,0
63.276469,91.90829042473811,0.006119108323031769,0.49971139811864607,57.22527815374411,-38.97961593059967,0.5176531571698592,82.94128062532388,0.009408565499469697,8.769610789173477e-16,57.22527815374411,0.5176531571698592,0
64.187937,92.2286127968969,0.0065685519346571465,0.510778250034034,48.377861170293684,-45.91152826717991,0.5097285755975194,81.32992327101886,0.010128745288385862,3.1627051888075067e-15,48.377861170293684,0.5097285755975194,0
65.112534,92.55095850578397,0.0070623786416358515,0.5222741001264186,41.24274222363775,-50.555412596019885,0.5015736890290774,79.68222250107533,0.010909132604196969,2.502790069672604e-15,41.24274222363775,0.5015736890290774,0
66.050449,92.87535172968695,0.007606181931809447,0.5342286318113727,35.60298470557394,-53.613355797022734,0.49318075943129513,77.9968153485305,0.01175518702587072,-1.5469160128835734e-15,35.60298470557394,0.49318075943129513,0
67.001875,93.20181224433574,0.008206419445787165,0.5466745735338995,31.130211197758882,-55.56515836962051,0.4845417534118445,76.27226457254505,0.012672887939983514,2.015197534132022e-15,31.130211197758882,0.4845417534118445,0
67.967006,93.53035349344962,0.00887056999745496,0.559648061956247,27.54101643712158,-56.726908896924606,0.4756483738474622,74.50706061607366,0.013668778929393586,3.8056221516604884e-15,27.54101643712158,0.4756483738474622,0
68.946038,93.86098193728128,0.00960732681884277,0.5731891201087658,24.620040760590726,-57.30770899978919,0.4664920614628211,72.69961649088123,0.014750018462967016,4.660067305020854e-15,24.620040760590726,0.4664920614628211,0
69.939174,94.19369759018161,0.010426837158783557,0.587342273480094,22.20943145433294,-57.44843939318393,0.45706396394325366,70.84825519112405,0.015924438547122145,2.253024853569465e-15,22.20943145433294,0.45706396394325366,0
70.946615,94.52848970064089,0.011340984559520489,0.6021570643494352,20.19407869731606,-57.246150999796065,0.4473550448908603,68.95122323012401,0.017200589853655874,9.539844838380995e-16,20.19407869731606,0.4473550448908603,0
71.968567,94.86533767166162,0.012363750852265057,0.6176889009733615,18.489413605380083,-56.769201090192794,0.4373560531191906,67.0066749013281,0.01858780626746098,1.417723174242837e-15,18.489413605380083,0.4373560531191906,0
73.005241,95.20420941597695,0.013511659668632211,0.6339999514578937,17.03254870624895,-56.066727530761035,0.4270575685526404,65.0126696784074,0.02009626328183818,1.5861250210254655e-16,17.03254870624895,0.4270575685526404,0
74.056847,95.5450575862078,0.01480432232021064,0.6511601048564056,15.776081464837988,-55.17470104258396,0.41645012461454933,62.96718190036063,0.02173702619940775,-7.299991894203192e-16,15.776081464837988,0.41645012461454933,0
75.123601,95.8878198614005,0.016265138892513378,0.6692483368201065,14.683777358643983,-54.11986613327169,0.40552422109893166,60.86808629175209,0.023522114319125983,-6.83754709047378e-16,14.683777358643983,0.40552422109893166,0
76.205721,96.23241541182114,0.017922170642988098,0.6883541516599103,13.727574999307311,-52.92237558981776,0.39427046905108776,58.713165558627225,0.025464544458787725,-9.962305218819102e-16,13.727574999307311,0.39427046905108776,0
77.303429,96.5787430884213,0.019809258743027736,0.7085794258038112,12.885472897075097,-51.59758392481138,0.3826797037921341,56.500107632685285,0.02757837540491995,1.3568962650024448e-15,12.885472897075097,0.3826797037921341,0
78.416948,96.92667778590547,0.021967450075336663,0.7300405392020842,12.140028853308632,-50.157302398387515,0.37074318414410384,54.22651447268868,0.02987873103280619,-1.231277085215942e-16,12.140028853308632,0.37074318414410384,0
79.546508,97.27606939222026,0.024446857914406112,0.75287114527344,11.47727204171927,-48.61068264669844,0.358452736973887,51.88989455692274,0.03238182410625954,-2.240927821332416e-15,11.47727204171927,0.358452736973887,0
80.692338,97.62673712575923,0.027309056241200176,0.7772252568010524,10.885916925127416,-46.96487579307384,0.3458011009639054,49.48768632387407,0.03510492768826247,-1.3543777436478868e-15,10.885916925127416,0.3458011009639054,0
81.854673,97.97846832422209,0.030630262989149358,0.8032813590471289,10.356773880357677,-45.225506350416815,0.33278216793577836,47.017253741455306,0.03806634704030573,-3.5672286999425067e-16,10.356773880357677,0.33278216793577836,0
83.033751,98.33101392367935,0.03450554044908243,0.8312472513447153,9.882313865648438,-43.397045318280156,0.3193914025412927,44.47590579886696,0.04128533021323785,6.127423969107558e-16,9.882313865648438,0.3193914025412927,0
84.229813,98.6840847303826,0.039054434068136856,0.8613661103665505,9.456337992456127,-41.48310064467906,0.3056263146829565,41.8609139533271,0.04478193376208736,-1.3123575411680697e-16,9.456337992456127,0.3056263146829565,0
85.443104,99.03734789823281,0.044428618969039546,0.8939240537895906,9.073725371526074,-39.486651713811064,0.2914870219095674,39.16953203405296,0.04857682883484456,8.760159575166448e-16,9.073725371526074,0.2914870219095674,0
86.673872,99.39042281922853,0.05082237443975693,0.9292595164982984,8.730240093263818,-37.41025025524033,0.2769769578438408,36.39902584823608,0.052691025622243454,6.475371086591351e-16,8.730240093263818,0.2769769578438408,0
87.922369,99.74287773016448,0.05848713125276624,0.9677750205312997,8.422381476265368,-35.256194123433815,0.2621037085967677,33.54670440911332,0.0571455139807729,-3.753213626594793e-16,8.422381476265368,0.2621037085967677,0
89.188849,100.09422575665207,0.06775190855494083,1.0099517692497753,8.147268634986865,-33.02669191126311,0.24688007408454296,30.609964615343415,0.061960789927561155,-1.3470677804465593e-16,8.147268634986865,0.24688007408454296,0
90.473572,100.44392312684502,0.07905250217821093,1.0563679859318926,7.902549560436303,-30.72401020587435,0.23132530227516324,27.58632927008682,0.06715628799590473,-7.008927139170952e-16,7.902549560436303,0.23132530227516324,0
91.776802,100.791366407493,0.09297368505974664,1.1077212274726214,7.686332057271024,-28.35062997392288,0.21546672427521527,24.473506164591072,0.07274966720171919,-3.9348531501673323e-16,7.686332057271024,0.21546672427521527,0
93.098803,101.13589030756431,0.11031119718086486,1.1648549979470069,7.497130799655155,-25.909410454862634,0.1993418813523553,21.269459950356122,0.07875595478329284,-8.665612998621616e-16,7.497130799655155,0.1993418813523553,0
94.439848,101.47677024887942,0.13216453168212858,1.2287895817161587,7.333825568973823,-23.40373611257643,0.18300119132931092,17.972459778124403,0.08518662162116279,-5.954318717249524e-16,7.333825568973823,0.18300119132931092,0
95.80021,101.81322189806225,0.16007756212097574,1.3007524278102631,7.19563314046101,-20.837706359458796,0.16651194041161374,14.58117645075049,0.09204846699302241,1.040612484013457e-15,7.19563314046101,0.16651194041161374,0
97.180167,102.14440645496693,0.19625571101716668,1.3821996317424414,7.082086259680951,-18.216311409259802,0.14996395404385401,11.094750456667043,0.09934248414387344,2.4546638467642807e-16,7.082086259680951,0.14996395404385401,0
98.580001,102.46943679363675,0.24390549627015767,1.4748028321341726,6.993021538018361,-15.545632508310986,0.13347858468422194,7.512876732603445,0.1070626649858929,-1.5093120486853794e-15,6.993021538018361,0.13347858468422194,0
100,102.78738705215011,0.30777036156211196,1.580341961728854,6.928574244947193,-12.833050913127648,0.1172235772610513,3.8358809096375808,0.1151948531405014,7.634292438245401e-16,6.928574244947193,0.1172235772610513,0
101.440453,103.09730360690958,0.3949736649446908,1.7003614348036833,6.889179938381748,-10.087485400508106,0.10143905983946343,0.06480868676067075,0.12371567553616021,1.3337473686696185e-16,6.889179938381748,0.10143905983946343,0
102.901655,103.39822137572511,0.516309286817866,1.8352610490144672,6.875581554218922,-7.319626510838377,0.0864839337154063,-3.7985203450523386,0.13259175156691255,2.3543255037286226e-15,6.875581554218922,0.0864839337154063,0
104.383905,103.6891814422143,0.6880393827582213,1.9820714398399322,6.8888424402724455,-4.5422010612974075,0.07291725384581386,-7.751456140617279,0.141779197695873,2.2033200819899388e-15,6.8888424402724455,0.07291725384581386,0
105.887506,103.96925174215056,0.9336837776189829,2.1293282666585864,6.9303641314571385,-1.7702515848606093,0.061618681913734985,-11.790487609755928,0.1512235901939714,1.6820495472670544e-15,6.9303641314571385,0.061618681913734985,0
107.412766,104.2375498958424,1.282966154855183,2.246333481105178,7.001907982214394,0.9785641184277835,0.053856338626173304,-15.911241028097606,0.1608604798168114,-6.795401822083275e-16,7.001907982214394,0.053856338626173304,0
108.959997,104.49326674503843,1.758309755994808,2.265471096930346,7.1056185831012355,3.683642927752318,0.05094147764067932,-20.10850392122893,0.17061650630325342,-1.3818645202596442e-15,7.1056185831012355,0.05094147764067932,0
110.529514,104.73568991078727,2.3294304632535687,2.0726518396430436,7.244045255089641,6.321073481352319,0.05323160216172139,-24.37628277407339,0.1804111443609925,-2.8542059383168424e-15,7.244045255089641,0.05323160216172139,0
112.12164,104.96422689652528,2.841686513696365,1.5666351346991598,7.420155869552186,8.863243069911407,0.05963351418280996,-28.707911952173845,0.19015907661596182,4.840837446436148e-15,7.420155869552186,0.05963351418280996,0
113.736699,105.1784236061104,3.051219421592381,0.8218266084829952,7.637330128628752,11.278379709400014,0.06849125651279406,-33.0961632628601,0.1997729720939996,-2.4290158321585205e-16,7.637330128628752,0.06849125651279406,0
115.375023,105.37798089354922,2.870460538695603,0.11501102847091932,7.89931579510416,13.530076553933815,0.07846958736609418,-37.533422501778546,0.2091666590209665,-1.999164227925107e-15,7.89931579510416,0.07846958736609418,0
117.036946,105.5627641067718,2.463990372707447,-0.3460375614999231,8.210113735168479,15.576780355851561,0.08870443433706779,-42.011852682487074,0.21825830637879695,-2.8356268264497793e-15,8.210113735168479,0.08870443433706779,0
118.722808,105.73280799781593,2.029875876500018,-0.5605745875815229,8.573744915260516,17.371345892424802,0.09866332283817848,-46.52359739902977,0.2269735080106926,-3.486905491598214e-15,8.573744915260516,0.09866332283817848,0
120.432955,105.88831470530609,1.6618275331801353,-0.6167933008216411,8.99382179552205,18.860777761081565,0.10801298583239159,-51.06097583881905,0.23524794629044088,6.192235980930346e-15,8.99382179552205,0.10801298583239159,0
122.167735,106.02964521171346,1.3761548054833401,-0.5910536967981516,9.472814861778009,19.986437973005852,0.11653970951999908,-55.6166592638142,0.24302944291227327,5.2748503860789535e-15,9.472814861778009,0.11653970951999908,0
123.927504,106.15730604731178,1.1608764609848405,-0.5285316948141993,10.010879459647352,20.685208126465557,0.12410589557175679,-60.18385612085547,0.2502793249505529,5.785142214756694e-15,10.010879459647352,0.12410589557175679,0
125.712621,106.27193032467852,0.9994041539111559,-0.45233771106894516,10.604099489699156,20.892344807327454,0.13062620217028012,-64.75644198441796,0.25697294556673034,-3.22552875020225e-15,10.604099489699156,0.13062620217028012,0
127.523453,106.37425609496825,0.8776973682075293,-0.3734619511537069,11.24210838581794,20.547090029116703,0.13605382401890748,-69.3290837052258,0.26309947392395705,-8.321490573680174e-15,11.24210838581794,0.13605382401890748,0
129.360368,106.46510184401902,0.7853055300214092,-0.29680387443359996,11.905327463035915,19.602171009396812,0.14037190144359277,-73.89729788898211,0.2686609552580972,3.416188181685241e-15,11.905327463035915,0.14037190144359277,0
131.223743,106.54534215565995,0.7147744692202244,-0.22431294505475702,12.562676922236571,18.037755655101115,0.14358768450113146,-78.45751204668511,0.27367087816302654,6.043941538462242e-15,12.562676922236571,0.14358768450113146,0
133.11396,106.61588318450183,0.6608486043162743,-0.15654650731564712,13.171431098078184,15.878531436681508,0.14572814194257058,-83.00706180016994,0.2781523212928317,-1.3288127021622818e-15,13.171431098078184,0.14572814194257058,0
135.031404,106.67763989913242,0.6198201147916533,-0.0934316146959067,13.681390172876084,13.209096167930332,0.14683647365336883,-87.54416410443002,0.28213590599814453,5.844318354474862e-16,13.681390172876084,0.14683647365336883,0
136.976468,106.73151588523183,0.5890613178695996,-0.034636579073170554,14.044491564103678,10.179248134658495,0.14696923359931596,-92.06788245986525,0.2856577155345862,1.0681381944702265e-14,14.044491564103678,0.14696923359931596,0
138.949549,106.77838565633401,0.5667031939937697,0.020247499363332554,14.227689756346132,6.991023884325902,0.1461939217115633,-96.5780514280982,0.28875727573791277,-3.974135610461488e-15,14.227689756346132,0.1461939217115633,0
140.951052,106.81908029696068,0.5514167902618755,0.0716182918816937,14.223236516305386,3.8667286737076423,0.14458700074960437,-101.0752063950356,0.2914757308299146,1.0671348484943058e-14,14.223236516305386,0.14458700074960437,0
142.981386,106.85437602127118,0.5422643663679371,0.11981840437427542,14.050453774546977,1.008754154364966,0.14223230729770217,-105.56048653142375,0.29385424733042115,-9.740136138233313e-16,14.050453774546977,0.14223230729770217,0
145.040966,106.8849858754386,0.5385966080383471,0.16511254633474878,13.748165798269794,-1.432324150630774,0.13921982997045074,-110.03554771731496,0.2959327008325827,0,13.748165798269794,0.13921982997045074,0
147.130213,106.91155412835411,0.5399799322552029,0.20767322400971336,13.362667403882533,-3.3706486415686494,0.13564482334658473,-114.50247057804029,0.2977486376470707,-4.082302139657103e-15,13.362667403882533,0.13564482334658473,0
149.249555,106.93465310827244,0.546142650661809,0.2475686674366608,12.937307914815323,-4.779785087829467,0.13160720865639633,-118.96367323395134,0.2993365032244329,-8.09854046920923e-16,12.937307914815323,0.13160720865639633,0
151.399424,106.95478209261955,0.5569317397199347,0.28474960461235926,12.506765410198357,-5.677426417447557,0.12721120054170962,-123.42182028135267,0.30072710913135453,4.5299283312261085e-15,12.506765410198357,0.12721120054170962,0
153.580262,106.97236804961337,0.5722736279142877,0.31903367878649497,12.095695153988245,-6.108491396848133,0.12256503218658636,-127.87975656471212,0.30194731713550643,4.215810402085722e-16,12.095695153988245,0.12256503218658636,0
155.792513,106.98776769344445,0.5921329278413602,0.3500871820280601,11.719961748826808,-6.13140387503016,0.1177806776384074,-132.3404186308369,0.30301989233299015,-5.065434910708199e-15,11.719961748826808,0.1177806776384074,0
158.036631,107.00127085040124,0.6164634443742641,0.37740650146744,11.388794087235544,-5.8088856596163065,0.11297330323079297,-136.80678623027148,0.3039635130709922,-1.2695240232874865e-15,11.388794087235544,0.11297330323079297,0
160.313075,107.01310465245527,0.6451455640194524,0.4003033038987421,11.106901053248198,-5.20268318523059,0.10826023056970245,-141.28181431265762,0.304792892518096,6.879916942247879e-15,11.106901053248198,0.10826023056970245,0
162.622309,107.02343852070781,0.6779053533842551,0.417902046765441,10.87616049896252,-4.371090913302643,0.10375902633911924,-145.7683824335773,0.305518998877459,7.636061240899933e-15,10.87616049896252,0.10375902633911924,0
164.964807,107.03238975362416,0.714213731893979,0.4291629791876287,10.69682432461611,-3.368215573345574,0.09958434722459135,-150.2692604566114,0.3061493527240563,7.352724291318606e-15,10.69682432461611,0.09958434722459135,0
167.341048,107.04002953618455,0.7531708900102514,0.4329488376319368,10.568313999873698,-2.2442245228425715,0.09584327577980228,-154.78706124986707,0.30668838165755696,-2.125907215397586e-15,10.568313999873698,0.09584327577980228,0
169.751517,107.04638935573252,0.7933944154134259,0.42815596895357705,10.489704766489623,-1.0460832534790605,0.09262908508790026,-159.3242115474796,0.3071378259147387,2.9087273024106725e-16,10.489704766489623,0.09262908508790026,0
172.196708,107.05146771446627,0.8329477683364755,0.4139241199066041,10.459984721563712,0.18151192155073576,0.09001391269676244,-163.8829325528564,0.30749718308371166,-2.900017268177196e-15,10.459984721563712,0.09001391269676244,0
174.677121,107.05523705492298,0.8693639949961229,0.3899173276398077,10.478147638675814,1.3951754247099997,0.08804147012707883,-168.46521529771866,0.3077641827243543,-5.085324665026088e-16,10.478147638675814,0.08804147012707883,0
177.193263,107.05765086471537,0.8998240828671225,0.35662727678041245,10.543151865519665,2.5519663672090602,0.08672141788060456,-173.0728097212517,0.30793528567749534,6.3639682434939686e-15,10.543151865519665,0.08672141788060456,0
179.745648,107.05865087632102,0.9215194033966337,0.31560086290242445,10.653756663532201,3.608708562751242,0.08602708555254784,-177.70721804151975,0.3080061993842557,-4.735350126568818e-15,10.653756663532201,0.08602708555254784,0
182.3348,107.05817428679715,0.932154365010274,0.26946723875489914,10.80823067020013,4.521610194648461,0.08589750650877452,177.6303001550492,0.3079724010101325,9.017725045436487e-16,10.80823067020013,0.08589750650877452,0
184.961247,107.0561609072412,0.9304519729747168,0.22167724671674732,11.003916556840151,5.246333850385674,0.08624352043685662,172.93873260585804,0.30782965878024615,2.910458590805762e-15,11.003916556840151,0.08624352043685662,0
187.625527,107.05256013791832,0.9164740857169916,0.1759790700689942,11.236639050744593,5.738743235903324,0.08695654948643468,168.21729074640348,0.30757454059112843,2.5830916210248037e-15,11.236639050744593,0.08695654948643468,0
190.328185,107.04733764418495,0.8916170611919347,0.1357865899550906,11.499962634759418,5.956603583057151,0.0879181487958898,163.4653956717773,0.3072048972375581,7.0524118836795054e-15,11.499962634759418,0.0879181487958898,0
193.069773,107.04048159840794,0.8582824384089258,0.10365678902911887,11.784361694184792,5.862559877256545,0.08900867023111227,158.68265198029553,0.3067203068726922,-9.606754829805685e-15,11.784361694184792,0.08900867023111227,0
195.850852,107.03200832912374,0.8193621018499906,0.08103385740051258,12.076466956193876,5.428639988152948,0.09011407360948681,153.86881169442472,0.3061224659591843,9.58527089621729e-15,12.076466956193876,0.09011407360948681,0
198.671992,107.02196722806248,0.7777286807564836,0.06828490454075029,12.358697062229874,4.642247667100998,0.09113063350182073,149.0237356356697,0.3054155133988788,-3.093923762481625e-15,12.358697062229874,0.09113063350182073,0
201.533769,107.0104447682445,0.7358709447004217,0.06493813874786271,12.6097250452087,3.513010766597801,0.09196777663474515,144.1473543000385,0.30460627592002026,-1.2259079512853968e-15,12.6097250452087,0.09196777663474515,0
204.436768,106.99756744612941,0.695718448759357,0.06999558115554172,12.80624140052843,2.0789429661903003,0.09254949773183176,139.23961354289747,0.30370442160396555,-8.88208646941333e-17,12.80624140052843,0.09254949773183176,0
207.381584,106.98350352849161,0.6586243380047645,0.08221950284205713,12.926180043236114,0.4095079165467523,0.09281480588637503,134.30041994762814,0.30272251515637527,7.167680585019726e-16,12.926180043236114,0.09281480588637503,0
210.368818,106.96846350418502,0.6254445223468507,0.10034292040483467,12.952905516887153,-1.3969569895579819,0.09271757560040013,129.3295917977474,0.3016759719431008,-3.4126146823878307e-15,12.952905516887153,0.09271757560040013,0
213.399082,106.95269907545537,0.5966558261114322,0.12319711085313208,12.879076498907452,-3.222691746847549,0.0922260717627853,124.32679347309374,0.3005829052433111,1.788172567548927e-15,12.879076498907452,0.0922260717627853,0
216.472995,106.93650070514954,0.5724754176342449,0.14977149625264577,12.708603714703075,-4.945385487530703,0.09132232368753948,119.29148489771353,0.2994638755189445,-1.7682959462834056e-16,12.708603714703075,0.09132232368753948,0
219.591187,106.92019359935387,0.5529625859495013,0.17922750421018202,12.455774769349507,-6.454422485058318,0.09000145891940088,114.2228592372876,0.29834154203993163,8.68839598619604e-17,12.455774769349507,0.09000145891940088,0
222.754295,106.90413220298048,0.5380974600545682,0.21088507995387218,12.141930476777484,-7.663726148222831,0.08827106831934035,109.11979686539769,0.29724023124400833,3.7363229136265334e-15,12.141930476777484,0.08827106831934035,0
225.962966,106.88869315854251,0.5278379756735188,0.24419516021144283,11.791123117037687,-8.51818087756656,0.08615064252342258,103.98081262018354,0.2961854267464576,-4.627729063048048e-15,11.791123117037687,0.08615064252342258,0
229.217857,106.87426684264298,0.5221592325714615,0.27870583665685594,11.426299947229355,-8.993475425281767,0.08367111140499689,98.80401443645951,0.2952031956111227,-3.848809923847564e-15,11.426299947229355,0.08367111140499689,0
232.519632,106.86124756789314,0.52107943140058,0.31402593649511423,11.066891221507113,-9.091387365094874,0.08087450589389099,93.58707477190558,0.29431956096791567,-2.3304758772906417e-15,11.066891221507113,0.08087450589389099,0
235.868968,106.85002252442712,0.5246755688319575,0.34978716125589476,10.7278778571204,-8.83314175880812,0.07781373190925481,88.32719752307287,0.29355982669996566,-5.34270473256997e-15,10.7278778571204,0.07781373190925481,0
239.26655,106.84095970565033,0.5330905189106512,0.3856039287696653,10.4199358500976,-8.252906670354614,0.07455244104792118,83.02111386796685,0.2929478673917881,4.597628913369039e-15,10.4199358500976,0.07455244104792118,0
242.713072,106.83439494061014,0.54653115466602,0.421029637075419,10.150147176489051,-7.392538651711661,0.07116489647630532,77.66508174291175,0.2925053839542306,-3.4761679960838943e-15,10.150147176489051,0.07116489647630532,0
246.20924,106.8306183132269,0.5652549454878527,0.4555078180920386,9.92288207662114,-6.2978975859564725,0.06773564934511675,72.25489727716479,0.2922511316643372,7.127075083592659e-15,9.92288207662114,0.06773564934511675,0
249.755769,106.8298602947857,0.589539650971932,0.4883176636887643,9.740620780749262,-5.016600212977806,0.06435869408579618,66.78593235594553,0.29220012654580013,1.6943409544263085e-15,9.740620780749262,0.06435869408579618,0
253.353383,106.83227796073851,0.6196276833809905,0.5185164208065766,9.604610245624302,-3.5968966429855618,0.06113554673371579,61.25318603164942,0.2923628361811575,3.535243454984557e-15,9.604610245624302,0.06113554673371579,0
257.00282,106.83794181461519,0.6556339662449835,0.5448868285422106,9.515328166544377,-2.0873297043226398,0.05817148954702502,55.65134846480464,0.292744370069657,3.365809810956266e-15,9.515328166544377,0.05817148954702502,0
260.704825,106.84682382734837,0.6974055104497384,0.5659076905203112,9.472759594682906,-0.5368825774165179,0.05556918393288741,49.97490477337283,0.2933436915010935,2.495091875213699e-15,9.472759594682906,0.05556918393288741,0
264.460155,106.85878747546768,0.7443276198060278,0.5797807853768484,9.47649635074014,1.004657237797793,0.053419189380578484,44.218242533543616,0.29415288874000006,-9.854014333681615e-16,9.47649635074014,0.053419189380578484,0
268.26958,106.87358069058946,0.7950914039287226,0.584563063045954,9.525664240712008,2.486360542785948,0.051788048943836366,38.37578717076485,0.2951565594489925,-2.180849117417279e-15,9.525664240712008,0.051788048943836366,0
272.133877,106.89083272620175,0.8474779692373329,0.5784588148771443,9.618671526338023,3.856118643596991,0.05070628581623441,32.442167898153684,0.2963313795300463,3.741922667052409e-15,9.618671526338023,0.05070628581623441,0
276.053838,106.91005615539895,0.8982727767469075,0.5602977995349308,9.752767851893298,5.06125106356252,0.050160070706024164,26.41237801786599,0.2976459555929992,-2.1716101905646455e-15,9.752767851893298,0.050160070706024164,0
280.030263,106.93065501173798,0.943466465397359,0.5301364308529516,9.9234139503702,6.0501719453688345,0.050090078580017655,20.28196743800845,0.2990610621167345,1.1758263347357392e-15,9.9234139503702,0.050090078580017655,0
284.063968,106.95194018719945,0.9788617564782415,0.489777571967665,10.123509046220617,6.775612716774732,0.05039856445515531,14.04721158686516,0.30053038583137826,1.97851936029784e-15,10.123509046220617,0.05039856445515531,0
288.155776,106.9731525896038,1.0010281758986455,0.4428981227004831,10.342619618910609,7.199817871744366,0.05096244345966609,7.705293033479165,0.3020018679421987,-3.9740977536938515e-15,10.342619618910609,0.05096244345966609,0
292.306525,106.99349433716692,1.0082826807483218,0.39454919585077863,10.56651328946793,7.301794161271075,0.05164835706319536,1.2544275369292563,0.30341972047302573,9.968025045923542e-15,10.56651328946793,0.05164835706319536,0
296.517063,107.01216715222172,1.0012322691258821,0.35010503948126825,10.777470455880332,7.085847502624112,0.05232622382199376,-5.30603688772112,0.30472710476791665,-7.151176414959925e-15,10.777470455880332,0.05232622382199376,0
300.788252,107.02841640073467,0.9825919150099625,0.31408617995905136,10.955893695312163,6.589332375300919,0.05287957959878179,-11.975599724047015,0.3058693852880414,-5.809612523661283e-15,10.955893695312163,0.05287957959878179,0
305.120965,107.04157795902739,0.9563970820930386,0.28936121517911684,11.083433160798148,5.886217203769883,0.05321264509005696,-18.75265700472869,0.30679774707261714,-1.776255249233239e-15,11.083433160798148,0.05321264509005696,0
309.51609,107.05112422377621,0.9270306892142874,0.27696655298598927,11.147097562458354,5.0828905386057,0.05325486734605649,-25.634651252344838,0.3074728635845722,6.205408173049153e-16,11.147097562458354,0.05325486734605649,0
313.974523,107.05670474898807,0.8984662841057232,0.2764275812504858,11.142937667070042,4.304734890481403,0.05296377590564427,-32.61829547154366,0.30786820891355554,-5.266752156422084e-15,11.142937667070042,0.05296377590564427,0
318.497179,107.058176896151,0.8738955148667148,0.28628757229797136,11.077628462863727,3.676050315859401,0.052326754785217845,-39.69990711675587,0.3079725860479905,-9.617421499230657e-15,11.077628462863727,0.052326754785217845,0
323.084981,107.0556221860163,0.8556882645180477,0.30459083992790686,10.967140276096185,3.2994764629874456,0.05136201746851906,-46.87576839961196,0.30779147637344567,-2.0558197523975116e-15,10.967140276096185,0.05136201746851906,0
327.738869,107.04934532376599,0.8455407817151741,0.32919722610126745,10.833184772452674,3.241298107353406,0.050118771816686246,-54.142547312600186,0.30734694637902316,4.4372187127266805e-15,10.833184772452674,0.050118771816686246,0
332.459793,107.03985454715037,0.8446778118289958,0.35791216009054316,10.699087835095092,3.525756950108497,0.048676259914462984,-61.49768442070217,0.30667602459921284,-5.94383700182441e-16,10.699087835095092,0.048676259914462984,0
337.24872,107.02782410653376,0.8540194484791386,0.3884666189816778,10.58656838012282,4.137293534950274,0.04714096231328348,-68.93975126034582,0.30582767342718153,-4.929133793741869e-15,10.58656838012282,0.04714096231328348,0
342.10663,107.01404192206488,0.8742586861586198,0.4183915333711194,10.514022083645484,5.0272211565366645,0.04564079604589932,-76.46870322235384,0.30485867828228896,-2.560461013373059e-15,10.514022083645484,0.04564079604589932,0
347.034515,106.99934736109623,0.9058074556449265,0.4448313537629643,10.496090752703788,6.121289166706751,0.044314779185648655,-84.08601897611504,0.3038289175062896,-6.292404814128548e-15,10.496090752703788,0.044314779185648655,0
352.033384,106.9845654753744,0.9485641609444929,0.4643554787144081,10.543918590808932,7.325919352587151,0.043297007890928656,-91.79471345029407,0.3027965466147189,1.1052497420104103e-15,10.543918590808932,0.043297007890928656,0
357.10426,106.9704448163383,1.0014547119246802,0.47287290404891874,10.665469391516487,8.532424811274291,0.04269570890681202,-99.59920013869555,0.30181363213866264,4.858858351508722e-15,10.665469391516487,0.04269570890681202,0
362.248179,106.95760582599185,1.061745151915737,0.4658412152867594,10.865376490646854,9.619755430707452,0.04257164830312716,-107.50503175452434,0.30092270205979904,2.3679036159770983e-15,10.865376490646854,0.04257164830312716,0
367.466194,106.94650600085446,1.1242858736441992,0.4390451913178495,11.143880659583347,10.457302429495213,0.042923266151687026,-115.51855306670086,0.30015457705034737,-7.304673060312011e-15,11.143880659583347,0.042923266151687026,0
372.759372,106.93742646321914,1.1811678892954074,0.3901544900447996,11.494491107529342,10.910293840790862,0.04368504825297703,-123.64649110592052,0.2995277171427198,1.1359179233635293e-15,11.494491107529342,0.04368504825297703,0
378.128796,106.93048210817948,1.222588759098181,0.320803742459238,11.900278055998706,10.851380980003087,0.044739981576676545,-131.89555628728158,0.29904915598053033,8.146520857247868e-15,11.900278055998706,0.044739981576676545,0
383.575563,106.92565436299927,1.2394861245790378,0.2380501602067565,12.329560983720441,10.18241956309862,0.045940665345243964,-140.2721022512779,0.2987169088462197,1.7365192158922342e-16,12.329560983720441,0.045940665345243964,0
389.100789,106.92284173501096,1.2271905325666075,0.153566112653299,12.733571206972007,8.868048363873722,0.04713164256230461,-148.78192192519873,0.2985235129895523,0,12.733571206972007,0.04713164256230461,0
394.705603,106.92191927128417,1.1878053182242911,0.0801013389854857,13.050818660153478,6.974291188587933,0.048167957239568335,-157.4302010358375,0.2984601117997775,7.199421774130501e-15,13.050818660153478,0.048167957239568335,0
400.391152,106.9227943810573,1.1293835339047344,0.027145916813341185,13.222295970879332,4.691509621359259,0.04892851842988575,-166.22168723431326,0.29852025801116205,-1.5632221413181499e-15,13.222295970879332,0.04892851842988575,0
406.158599,106.92544432141618,1.062528661093033,-0.0014305563935807656,13.214318065920343,2.313983922388712,0.04932502233873883,-175.1610339370303,0.2987024620922735,-7.883241864440472e-15,13.214318065920343,0.04932502233873883,0
412.009123,106.92992094606323,0.996903492976727,-0.006871945982482425,13.035259551624993,0.16765120118665042,0.04930772504872904,175.7467370770663,0.2990105176319449,2.2587538925767017e-15,13.035259551624993,0.04930772504872904,0
417.943921,106.93631250687201,0.9394171231526592,0.006544170869944511,12.73274719093352,-1.4822717240374153,0.04886898103006556,166.4957054961211,0.29945089875622033,1.0593905015379438e-15,12.73274719093352,0.04886898103006556,0
423.964207,106.94465879273537,0.8941027801316634,0.03350733320044375,12.373576202515917,-2.4939949764447005,0.04804493529745482,157.07875372491844,0.30002693783356027,-2.7470346830210394e-15,12.373576202515917,0.04804493529745482,0
430.071212,106.95482882931569,0.8628294963348476,0.06884338213526164,12.021559872530299,-2.8591135967161523,0.046914924216265544,147.48747930865147,0.3007303454301633,1.0845572528968467e-15,12.021559872530299,0.046914924216265544,0
436.266186,106.96638151906647,0.84609202310362,0.10789235827769263,11.724818226090079,-2.6751852141852974,0.04559745954050092,137.71255497736638,0.30153138471390095,1.0576217984505554e-14,11.724818226090079,0.04559745954050092,0
442.550395,106.97844402762982,0.8435148160335696,0.1464222590887359,11.51299399250001,-2.1081984823908755,0.04424060253910241,127.74471469491016,0.3023700508561699,-3.753077694668658e-15,11.51299399250001,0.04424060253910241,0
448.925126,106.98965267201922,0.8539772378787441,0.18038945551423463,11.399260733636366,-1.3610237618126202,0.043004070255423486,117.57616864644456,0.3031514413171761,5.295188124538665e-15,11.399260733636366,0.043004070255423486,0
455.391681,106.9982031905328,0.8753789297051606,0.2058035649629747,11.382478848295056,-0.6496557117804911,0.04203182942695426,107.20238255499146,0.30374888279953716,5.838534526945011e-15,11.382478848295056,0.04203182942695426,0
461.951385,107.00204843733287,0.9041628990946435,0.21895322118743765,11.447418174354135,-0.18061332114940948,0.041418721605911556,96.62388371753684,0.3040179413969442,4.919361730539796e-15,11.447418174354135,0.041418721605911556,0
468.605578,106.99925116653895,0.9349071331275399,0.21722108718159439,11.563521869356164,-0.1211048076649706,0.041182065409657846,85.84746150831552,0.3038221878871613,3.847155110870156e-15,11.563521869356164,0.041182065409657846,0
475.355621,106.98845394468998,0.9605681751637105,0.200480898866952,11.685163287910104,-0.5580667401586318,0.04125238187141391,74.8861847109988,0.3030677778617087,-4.0497923345173624e-16,11.685163287910104,0.04125238187141391,0
482.202895,106.96937245256422,0.9739985364075857,0.17244051403185712,11.75829954727005,-1.4552241192421684,0.04149051923920225,63.75784939561731,0.30173911724981656,2.2011809205884573e-15,11.75829954727005,0.04149051923920225,0
489.148802,106.94317067410195,0.9705954014769426,0.14064585182486855,11.736497574693384,-2.6356576413785735,0.041724931495441674,52.48155986938116,0.2999241506209269,-4.0716978676691467e-16,11.736497574693384,0.041724931495441674,0
496.19476,106.91257205171786,0.9505808928967671,0.11430604482923645,11.600765461061412,-3.8204052723038013,0.04179395642403511,41.073076043348806,0.29781843379452233,-4.9963385832318524e-15,11.600765461061412,0.04179395642403511,0
503.342213,106.88160063267685,0.919070786276544,0.10091990063677499,11.36922415074468,-4.72121886148865,0.04157992628785579,29.539705951025667,0.2957021168088303,-7.116341481708095e-16,11.36922415074468,0.04157992628785579,0
510.592621,106.85493552752412,0.8838254389097385,0.10394806816526835,11.088136810164134,-5.138684047426972,0.041029462730354634,17.87614120750743,0.2938921073279367,1.2346246577027549e-15,11.088136810164134,0.041029462730354634,0
517.947468,106.83695807311564,0.8524694494652806,0.12270467926395316,10.811975853112402,-5.012880519267586,0.04016079693130553,6.0624711829282205,0.29267806663186435,1.5045504421527236e-15,10.811975853112402,0.04016079693130553,0
525.408258,106.83065750048331,0.8308204275516118,0.15370747006932076,10.586692645560756,-4.417218035151061,0.03906104135062286,-5.934779613106343,0.29225376871642467,6.770915914971202e-15,10.586692645560756,0.03906104135062286,0
532.976517,106.83661212603162,0.8225418276999867,0.1921081363466464,10.44226363464469,-3.5226632042737576,0.03787484496933025,-18.158004578416126,0.29265475362759247,3.190627008764807e-15,10.44226363464469,0.03787484496933025,0
540.653794,106.85231057870672,0.8294175656744766,0.23249635998354842,10.39138167499968,-2.558545121115204,0.036781817615988116,-30.650533510657965,0.29371452767185663,-1.5140252071728877e-15,10.39138167499968,0.036781817615988116,0
548.441658,106.87209552425665,0.8515274222684326,0.269132733699767,10.429026971411,-1.7761642990444086,0.03595814202829152,-43.44607510482342,0.2950556413717591,-6.9427431327440754e-15,10.429026971411,0.03595814202829152,0
556.341702,106.88799239898243,0.8869567729034132,0.29608178162074644,10.530506304150244,-1.40481366939402,0.035523704504483056,-56.557859855402,0.2961376393501609,-5.110756733753117e-16,10.530506304150244,0.035523704504483056,0
564.355543,106.89150705608832,0.9311185221756204,0.3078689906974774,10.650450862897712,-1.5887249605191147,0.03549301334356014,-69.970980239433,0.29637739453325673,-3.3970361377954887e-15,10.650450862897712,0.03549301334356014,0
572.48482,106.87609526156051,0.9763756630143943,0.301171966583941,10.73009083351318,-2.314934795055265,0.035761183595896175,-83.64214211720468,0.2953275049833789,-3.2006176021978946e-15,10.73009083351318,0.035761183595896175,0
580.731195,106.83951334725853,1.0132410105749416,0.27723444288182586,10.718540677134044,-3.381288575836343,0.03614225388853734,-97.50980994361373,0.29285032135405653,1.9349648273224472e-15,10.718540677134044,0.03614225388853734,0
589.096355,106.78498682425612,1.0338954883356208,0.24315480971163553,10.599090326507405,-4.462572026509732,0.03644124334185364,-111.51321918005806,0.28919651333329277,0,10.599090326507405,0.03644124334185364,0
597.582011,106.72042654952702,1.0363509232204966,0.2097745652666801,10.39774321780465,-5.259744634347986,0.03652123091325482,-125.61408969864158,0.28492924359166066,4.7766443755823184e-15,10.39774321780465,0.03652123091325482,0
606.189899,106.65573267820788,1.0257223541265763,0.18666495138967593,10.164899562377547,-5.628997064946427,0.03633841793752057,-139.81221120377995,0.2807163045419931,1.345127150600677e-15,10.164899562377547,0.03633841793752057,0
614.92178,106.59904043616011,1.0113477907807975,0.17793307905210162,9.947750661841319,-5.610976512450078,0.035941844700446444,-154.14834013733457,0.27707568386914677,-2.8405468246550305e-15,9.947750661841319,0.035941844700446444,0
623.77944,106.55316100080964,1.0023953943590036,0.18149189974275015,9.772735166957593,-5.375784320939592,0.03544725872783934,-168.69206790483787,0.274164026857225,1.4287530814932658e-15,9.772735166957593,0.03544725872783934,0
632.76469,106.51345355673749,1.0048339746282489,0.19086865073109124,9.640719253940174,-5.137398492227714,0.03499394242079804,176.4831309982062,0.2716687758915628,-5.904017279562949e-15,9.640719253940174,0.03499394242079804,0
641.879368,106.4682023750148,1.0201294424403586,0.1975199999802047,9.52985578444435,-5.065470102290232,0.034690717755957064,161.33187363046852,0.26885282714936903,-8.620580670038463e-16,9.52985578444435,0.034690717755957064,0
651.125339,106.40217249788958,1.0446954995029651,0.19306017439528456,9.405089081187572,-5.20519458155007,0.03456496296476742,145.86516868928163,0.2647961217078101,4.71299988543936e-15,9.405089081187572,0.03456496296476742,0
660.504493,106.30288426709392,1.069957054174146,0.1720708540682603,9.23586746781914,-5.438150859635228,0.034542339810840095,130.16017956947087,0.2588110394002517,-1.4790131246146497e-15,9.23586746781914,0.034542339810840095,0
670.01875,106.16723631055359,1.0844250582964459,0.13555290030273737,9.015378062968454,-5.5332059429584834,0.03447928094712548,114.33901835209872,0.25085225029271063,-4.1434640380593396e-15,9.015378062968454,0.03447928094712548,0
679.670056,106.0047884245721,1.0789695442954892,0.09260105012124323,8.765412993484276,-5.277659523513748,0.03423399250758728,98.51955674463215,0.2416424401474354,7.3216006514512e-16,8.765412993484276,0.03423399250758728,0
689.460384,105.83524365370701,1.052738634344299,0.056901987811937636,8.52171405860866,-4.591051901679562,0.03373052422649814,82.76058591671995,0.2323906954292004,4.8885942281568826e-15,8.52171405860866,0.03373052422649814,0
699.391737,105.6809905464786,1.0141668305512561,0.03923133983353819,8.314487701287135,-3.5435121263258766,0.03298232970037446,67.02915597085473,0.224281485975664,-3.348898255113573e-15,8.314487701287135,0.03298232970037446,0
709.466146,105.55806247101623,0.9758405873382743,0.042251423152714934,8.158260572100911,-2.299783162479974,0.032077277286792445,51.20476273009103,0.21802214961460967,-5.942157780699259e-16,8.158260572100911,0.032077277286792445,0
719.685673,105.46891675891126,0.9483197247015172,0.060981844403142964,8.051078381451296,-1.048300271006069,0.031143225769073232,35.11807254155997,0.21359252316939686,2.511577747924439e-15,8.051078381451296,0.031143225769073232,0
730.052407,105.39951005093587,0.9370107751311717,0.0862661680549195,7.977408636096582,0.05977199829681079,0.030304980736637704,18.614122223017148,0.21020612931708033,-2.0458376298195407e-15,7.977408636096582,0.030304980736637704,0
740.568469,105.32280522552684,0.9415731877663093,0.10798610678906001,7.913245796167285,0.9648989285393983,0.02963511182093898,1.6239305992281743,0.2065260756402832,-2.0296695227957895e-15,7.913245796167285,0.02963511182093898,0
751.23601,105.20995063491702,0.9560616166422599,0.11773514366130561,7.835911090966498,1.733669544677702,0.02911425046337471,-15.785613789085346,0.20122847396531518,-2.8255243110309247e-15,7.835911090966498,0.02911425046337471,0
762.057212,105.04608337778166,0.969958229624652,0.11208164603537012,7.736889589478273,2.5290556064767844,0.028636611745877838,-33.42582012333412,0.19377721416259133,8.051712181016847e-17,7.736889589478273,0.028636611745877838,0
773.034288,104.84146657235985,0.9720729678964549,0.09573858585949815,7.627132853947739,3.5053932275114708,0.028074692976767866,-51.08134295874726,0.18485918220579317,1.218175373962286e-15,7.627132853947739,0.028074692976767866,0
784.169484,104.628713393871,0.957292452921869,0.08079520494313519,7.528075402573764,4.707866871704612,0.027357234132872894,-68.63932074294434,0.1760214967566337,8.376817192803559e-16,7.528075402573764,0.027357234132872894,0
795.465078,104.44655824492399,0.9308216636276535,0.07985859950774753,7.457370660238362,6.057724790967827,0.026502550940304164,-86.17087361371966,0.16879135310770665,1.3514447723180386e-15,7.457370660238362,0.026502550940304164,0
806.923378,104.31939192665212,0.9050700712890422,0.09837889966727666,7.420658477082818,7.40635484152115,0.02560183953557246,-103.92121661322619,0.16392061050077067,-2.1784002212488114e-15,7.420658477082818,0.02560183953557246,0
818.546731,104.24143205093824,0.8926205248573024,0.13264108111097822,7.409847653071972,8.603389247695866,0.024779124594121342,-122.216443779521,0.16100433716571624,2.3374576042139394e-16,7.409847653071972,0.024779124594121342,0
830.337512,104.17162233762467,0.9013835765294995,0.17247502072788265,7.404797117205108,9.565704709815684,0.024137432956841065,-141.30981645821885,0.15843699763214744,2.003836113009246e-15,7.404797117205108,0.024137432956841065,0
842.298134,104.04662869053679,0.9325592204943706,0.20448573577334012,7.381090598895584,10.346051314461336,0.023692019375766513,-161.20928564635653,0.15394204065146183,3.640366954197333e-16,7.381090598895584,0.023692019375766513,0
854.431043,103.81551909361902,0.9789186012765758,0.21533295025405116,7.326709465278011,11.13650472065443,0.023336254586759326,178.40132498280843,0.14596417587713797,1.940901193553148e-15,7.326709465278011,0.023336254586759326,0
866.738721,103.47760501776706,1.0240556377877779,0.19785869988975227,7.253812196401386,12.13634788565685,0.02290804518044078,158.0122693592939,0.13503765014496158,-1.8256545011581914e-15,7.253812196401386,0.02290804518044078,0
879.223685,103.08740974411887,1.0484319442528112,0.1592375625141427,7.1878597689756125,13.39659598383987,0.02231126109624598,137.96756503039364,0.12343415394816006,-8.322262019654136e-16,7.1878597689756125,0.02231126109624598,0
891.888489,102.718667931305,1.0438045560359575,0.12060435247809641,7.147063289408697,14.815921162351092,0.02156349525714591,118.24571950415657,0.1133864513288405,3.202578350337862e-16,7.147063289408697,0.02156349525714591,0
904.735724,102.41894383378644,1.0213759762274535,0.10168367867669761,7.134285946751333,16.245166061258253,0.020753139727018633,98.49713208017295,0.10582511609379501,1.094491379904358e-15,7.134285946751333,0.020753139727018633,0
917.768017,102.18325732945681,1.0019845057571672,0.10613726624982393,7.140368927870102,17.575131452753915,0.01997756435909464,78.2631677143055,0.10023516350713811,1.2978619214706035e-17,7.140368927870102,0.01997756435909464,0
930.988035,101.95579787571731,1.0009228397689067,0.12201295536711454,7.15076300036799,18.78265814131143,0.01929445612238776,57.25846442573277,0.09512050729214458,-7.852666979068669e-17,7.15076300036799,0.01929445612238776,0
944.39848,101.6644106809324,1.0202511600771946,0.13067329153377075,7.154608839446431,19.939417695345572,0.01868928903033661,35.59508638815612,0.08894784657654428,5.538981033853233e-16,7.154608839446431,0.01868928903033661,0
958.002097,101.27725571856058,1.0473187357538853,0.1168997743514059,7.153287320645647,21.152655613884242,0.018088796082363575,13.74997782450464,0.08136168646423346,1.6081724443179041e-15,7.153287320645647,0.018088796082363575,0
971.801667,100.83476150477713,1.0599846728418665,0.08032703274969479,7.1583205805523065,22.465795323934966,0.0174292545776606,-7.799439663558246,0.07348023231171835,8.053545544824835e-16,7.1583205805523065,0.0174292545776606,0
985.800014,100.41993663856923,1.0432476311122616,0.04029964038240566,7.179834940960119,23.829985237127786,0.016707665305485665,-28.961186005295815,0.06678639997275852,-1.4960733336641238e-16,7.179834940960119,0.016707665305485665,0
1000,100.0969838481314,1.0046016090809218,0.020872288034461395,7.219492548515968,25.16007490838411,0.015969465143914015,-50.08627598838427,0.06200015211390794,-4.146364195756162e-16,7.219492548515968,0.015969465143914015,0
1014.40453,99.86906753399631,0.966516635335985,0.029572028324854168,7.27142398424063,26.393464325247297,0.015270525400028058,-71.71804246026159,0.058830308204005255,1.0127598414222432e-15,7.27142398424063,0.015270525400028058,0
1029.016551,99.67610631391302,0.9466221945325705,0.055100738953509504,7.326356231222316,27.520771108504146,0.014645611396176069,-94.22730292305062,0.05627363917849405,-2.433533876882061e-16,7.326356231222316,0.014645611396176069,0
1043.839051,99.43717146788707,0.9477168619681645,0.07925664358603213,7.377530946660915,28.58947554404557,0.014087747832684952,-117.53058464644516,0.05326126989406854,2.3294254438571345e-16,7.377530946660915,0.014087747832684952,0
1058.875063,99.11851127259354,0.958758057882835,0.08925525469312875,7.425969549262423,29.663040969597816,0.013556270291619732,-141.15452461102655,0.049493195815740076,4.738656850477857e-16,7.425969549262423,0.013556270291619732,0
1074.127661,98.76255367051311,0.9636201267421064,0.08665052393793783,7.4782831714099745,30.759992559891675,0.013018689282116922,-164.69753590683996,0.04559841399160807,-1.7341777095953197e-16,7.4782831714099745,0.013018689282116922,0
1089.599965,98.43839613574568,0.9559141636134771,0.08603408603291675,7.53874166165433,31.84656242447411,0.012479047918104487,171.77309223881116,0.04231886231597984,-1.5378046379004795e-16,7.53874166165433,0.012479047918104487,0
1105.295141,98.16646413085283,0.9459322046144393,0.09962387781192349,7.605307771219323,32.88285848797289,0.011964552340635762,147.81236791503989,0.039750334104852576,3.0600748089551246e-16,7.605307771219323,0.011964552340635762,0
1121.216399,97.89071746286172,0.9497637315556148,0.12406817058846238,7.67221524956282,33.866103077446425,0.011494334437293325,123.07058323294723,0.03730492030090543,3.2021456606345673e-16,7.67221524956282,0.011494334437293325,0
1137.366994,97.5288732713223,0.9736882385866771,0.14300055432583275,7.736277830527772,34.83664867999127,0.011057316931348841,97.73045335255938,0.034322719993188304,2.0415525642411574e-16,7.736277830527772,0.011057316931348841,0
1153.750232,97.06504544505505,1.0067717762790793,0.14028617442161012,7.801102529380267,35.833710461292206,0.010622487729853391,72.40921157945718,0.030846004294096983,5.627383440902736e-16,7.801102529380267,0.010622487729853391,0
1170.369462,96.57674819538202,1.0271130109101863,0.11645251082308207,7.87286377001299,36.84938718570911,0.010174474152768759,47.50678276573069,0.027565710432689784,2.1736206415582478e-16,7.87286377001299,0.010174474152768759,0
1187.228084,96.15410970390535,1.0240097852313543,0.09248202844900455,7.9534211883382415,37.844049085891704,0.009726165838589013,22.77268401770766,0.025009519082282564,-4.3630305845337775e-16,7.9534211883382415,0.009726165838589013,0
1204.329547,95.8077063527893,1.0120152938333273,0.08696608570757117,8.039448171453449,38.79043481050786,0.009299917654931898,-2.4213908041820105,0.02309218379560696,-1.4744954715872656e-16,8.039448171453449,0.009299917654931898,0
1221.677349,95.4576477763963,1.013356677149297,0.09425544192040443,8.126363752448457,39.6966896596444,0.008905290887769876,-28.417500651700493,0.021303901617586062,2.0588437636204803e-16,8.126363752448457,0.008905290887769876,0
1239.275037,95.02303413811592,1.0321938034859957,0.0912403419371753,8.213345470911769,40.594417471099085,0.008530351412987875,-54.84438650997447,0.019275150780327918,-4.3108414037760177e-16,8.213345470911769,0.008530351412987875,0
1257.126212,94.53084389634107,1.0467938779539208,0.06272298460092939,8.304239991865671,41.49822133453857,0.008157286258721813,-81.01491903745404,0.01720991636679121,-2.4495673139677417e-16,8.304239991865671,0.008157286258721813,0
1275.234525,94.09972803588062,1.0305180010069417,0.02500389399156639,8.402374345390838,42.38800555750145,0.007784604736035183,-106.80342683605545,0.015583577809850186,2.2176585766107974e-17,8.402374345390838,0.007784604736035183,0
1293.60368,93.81078717021475,0.9886054829937054,0.012447675320469174,8.506721348359688,43.23489540350864,0.007426485747743411,-132.89759760505774,0.014580522493747564,2.706095178796288e-16,8.506721348359688,0.007426485747743411,0
1312.237433,93.6131133628538,0.9545647820666561,0.03461633347461687,8.61294717687835,44.030153242645206,0.0070977001902475705,-160.17349599942185,0.013931751086954073,-1.219533594054409e-16,8.61294717687835,0.0070977001902475705,0
1331.139597,93.35824818657795,0.9511684089242924,0.0682994219117369,8.717354725726556,44.79588142708577,0.006798955711638353,171.2301728824416,0.013137695412531564,2.634211265571162e-16,8.717354725726556,0.006798955711638353,0
1350.314038,92.96520549828364,0.9705211359222333,0.08387347018321686,8.821266270352508,45.563215962139154,0.006514385038767663,142.16209048927192,0.012000930482647018,-1.1735000584790517e-16,8.821266270352508,0.006514385038767663,0
1369.764677,92.5244995787658,0.9828927961018052,0.0750929890750306,8.929092209494682,46.33319519276019,0.006231674174984107,113.38448348686768,0.010842871928063918,1.1764495279737753e-16,8.929092209494682,0.006231674174984107,0
1389.495494,92.16575509631687,0.9724190855978695,0.06807838998079566,9.042043023478907,47.082665890572066,0.005955648598978999,84.57473665846373,0.009983202485570655,-7.765640885570484e-17,9.042043023478907,0.005955648598978999,0
1409.510524,91.87826062568544,0.9600653251931791,0.08477155808174704,9.157292064370854,47.80001815573871,0.005697043394012939,54.84006497089047,0.009343733278033005,-4.69497264713143e-16,9.157292064370854,0.005697043394012939,0
1429.813862,91.52156781854745,0.9727940614042735,0.1115068457032318,9.272241485235924,48.49983073976665,0.005456912631272259,24.00229956872431,0.008606987100101937,9.698980251328904e-17,9.272241485235924,0.005456912631272259,0
1450.409659,91.02677399765594,1.0074492110644093,0.11722960802899969,9.388450336524645,49.20143177016522,0.005224859334736341,-7.034515145429168,0.007680186565819634,1.2293290434002881e-16,9.388450336524645,0.005224859334736341,0
1471.302129,90.50505123154862,1.032160703141242,0.0930453456884782,9.509105294749302,49.90001136916205,0.00499470973943395,-37.57202788483255,0.0068108214222688535,-2.046481796250043e-16,9.509105294749302,0.00499470973943395,0
1492.495545,90.07820093749713,1.0289605302565359,0.06689620042420445,9.634325583801228,50.57884988853435,0.004771195084178935,-68.05798209092711,0.006173258512649012,7.065333879198807e-17,9.634325583801228,0.004771195084178935,0
1513.994242,89.71632874647656,1.0190310548962833,0.05950695751068137,9.761992220170894,51.23419045858483,0.00455998763215212,-99.25294020601325,0.005679724166022635,1.131280087610806e-16,9.761992220170894,0.00455998763215212,0
1535.802619,89.31881574938267,1.021067521483298,0.054839798051897086,9.891234301441607,51.87560053844267,0.004359918951712184,-131.07022494779739,0.005182937181842061,-4.164308925875066e-17,9.891234301441607,0.004359918951712184,0
1557.925134,88.9012767181846,1.0194624711509606,0.03617577585432373,10.02333903676948,52.50740812934523,0.004166689949139132,-162.8888435456908,0.0047078437666703485,7.133881030382768e-17,10.02333903676948,0.004166689949139132,0
1580.366314,88.56907104671868,0.9960326063754433,0.021835220587939113,10.158913264176553,53.12221748374952,0.003980767404861366,165.1598179219866,0.004361154524501419,3.6666859110613916e-18,10.158913264176553,0.003980767404861366,0
1603.130749,88.31531542327367,0.9701181445243304,0.034281639113592895,10.29651175028041,53.715929566482046,0.0038058951417892345,132.2378708557394,0.004113636497646477,-4.710755496640523e-17,10.29651175028041,0.0038058951417892345,0
1626.223094,88.00072752552026,0.9683988559443361,0.0576792596744962,10.43494548309175,54.296923884015484,0.0036419462879946265,98.21331688012276,0.0038261952018607006,-6.487216640571382e-17,10.43494548309175,0.0036419462879946265,0
1649.648074,87.58778685192266,0.9805932043245891,0.06313927369986853,10.575452158547138,54.873042585679535,0.0034842412487405294,63.98684793603388,0.0034791492155713333,3.005667101181279e-16,10.575452158547138,0.0034842412487405294,0
1673.41048,87.21040352239584,0.9771335475451531,0.05813511506306763,10.719341128114458,55.43858021829726,0.0033314602137008674,29.809743662349547,0.003189588981980569,1.0232007514269207e-17,10.719341128114458,0.0033314602137008674,0
1697.515172,86.90503432727483,0.9666154993169629,0.07352253255296366,10.865552609423554,55.987620470866055,0.0031867712281556117,-5.263715590762899,0.0029730198093161045,-1.9458985994946185e-16,10.865552609423554,0.0031867712281556117,0
1721.967081,86.50714655042096,0.9839728735185553,0.09982863890258865,11.012882204108914,56.527093467424464,0.003050539264602486,-41.509890274922896,0.0027127453345671296,-3.189637570990687e-16,11.012882204108914,0.003050539264602486,0
1746.771208,85.96187115319402,1.0233233314370749,0.0948345721959779,11.162742802178814,57.06432175367036,0.0029184542915699743,-77.67638340017368,0.0023926627343689813,1.9011104240066358e-16,11.162742802178814,0.0029184542915699743,0
1771.932627,85.47052717542923,1.0350200597857828,0.05775674298487264,11.316642807683401,57.59251555877691,0.0027892879641016745,-113.24722624720641,0.002136717405493778,9.833308047574372e-17,11.316642807683401,0.0027892879641016745,0
1797.456484,85.13646466989421,1.013784708296463,0.040448849116081036,11.473582412471929,58.10443511832978,0.0026661406945375278,-149.44926195572367,0.001978521788000671,1.634447335451401e-16,11.473582412471929,0.0026661406945375278,0
1823.348001,84.79867844176168,1.0067624540914224,0.04810360909547784,11.632201278520037,58.604159225566164,0.0025502312052059347,173.00315498560735,0.0018304683092604562,2.212668189256635e-16,11.632201278520037,0.0025502312052059347,0
1849.612473,84.36905747715207,1.0154237545918312,0.03938605873185687,11.793177786696468,59.09764407254799,0.0024391058125669634,135.1152078131861,0.0016580595253022357,-1.5915967245593708e-16,11.793177786696468,0.0024391058125669634,0
1876.255272,84.00815074633226,0.9998259120955981,0.019304925993856612,11.957437498465497,59.58135575869964,0.0023318590814513946,97.28798649518319,0.0015258415777483526,-9.207627222013687e-17,11.957437498465497,0.0023318590814513946,0
1903.281848,83.75887610803579,0.9713967504011637,0.028608303883495858,12.12413629710873,60.05189875699964,0.002230266770650377,58.37654450877949,0.0014407279482655092,-3.74804793536602e-16,12.12413629710873,0.002230266770650377,0
1930.697729,83.44037961669812,0.9691122622855559,0.05379803367265481,12.292564633096843,60.51387294509155,0.002134372404082276,18.147353183801897,0.0013388512607109887,-3.651327162619256e-16,12.292564633096843,0.002134372404082276,0
1958.508523,83.02988816480848,0.9804980123186295,0.06179357346631106,12.463582966798747,60.97023602282121,0.0020422615103870547,-22.31250463361266,0.0012181006829355065,-6.67580364061136e-17,12.463582966798747,0.0020422615103870547,0
1986.719919,82.65044922635707,0.9826937500129221,0.06695491264994362,12.637502250405612,61.41799807126172,0.001953900046696517,-63.08971960239364,0.0011161929954984148,-1.602031062165472e-16,12.637502250405612,0.001953900046696517,0
2015.337686,82.23146025483649,0.9971650572837213,0.07929421594048189,12.813815307913597,61.85789639565255,0.0018697633385605155,-104.70027342088599,0.0010135388392163917,2.5008966503967377e-17,12.813815307913597,0.0018697633385605155,0
2044.367679,81.73153026566587,1.0225716057509546,0.0674501159980124,12.99303558079423,62.29209064828714,0.0017887317502437794,-146.28629836771603,0.0009033320034133655,1.7325825330655244e-16,12.99303558079423,0.0017887317502437794,0
2073.815835,81.32276737887838,1.0197110064673354,0.0418170890799639,13.175560264231118,62.71763708643174,0.0017106793914075569,172.22247174927952,0.0008221879511880182,-2.949536907268891e-16,13.175560264231118,0.0017106793914075569,0
2103.688178,80.98835681266017,1.0079768786166745,0.040769847136321306,13.360677258187104,63.13369274807951,0.0016365513894678592,129.6233320810494,0.000761254813021642,-2.1612623185421629e-16,13.360677258187104,0.0016365513894678592,0
2133.990819,80.57262940136377,1.0149812501119793,0.03510594504298118,13.548388642688764,63.54347857607595,0.0015657758365303287,86.33557277641535,0.0006917629696464567,8.233589943884142e-18,13.548388642688764,0.0015657758365303287,0
2164.729954,80.2169666880182,0.9994748925549993,0.013300877160999924,13.739347635956538,63.94593711725692,0.0014976423991785424,43.08911942661928,0.0006373691501766466,-2.1258180080862549e-16,13.739347635956538,0.0014976423991785424,0
2195.911873,79.99341086284028,0.967680067760091,0.027725294445387273,13.933006391706618,64.33901292312285,0.0014329949467670202,-1.560589275674829,0.0006053902977568251,2.443496001680052e-16,13.933006391706618,0.0014329949467670202,0
2227.542952,79.63694398943827,0.9749797333851706,0.05850587079408036,14.128943948070551,64.72618887682371,0.0013717462555297812,-47.8155324214855,0.0005576847504651344,2.4102266081366632e-16,14.128943948070551,0.0013717462555297812,0
2259.629662,79.17839352372111,0.993540956296893,0.056399500962929956,14.328050075667512,65.10860737911605,0.0013126907556079237,-93.9521263675166,0.0005018035421175228,1.9262928705072334e-16,14.328050075667512,0.0013126907556079237,0
2292.178566,78.81312679046826,0.9904941373873895,0.056772910081539896,14.530324105932074,65.4835764219746,0.0012561240751078776,-140.62098708509717,0.00046132506249693954,1.0902862109003139e-16,14.530324105932074,0.0012561240751078776,0
2325.196322,78.38043300465675,1.0069510461458182,0.06687418915412213,14.735373182755875,65.85250959457753,0.00120223006010357,171.60064835974333,0.00041757805843703987,-2.7258047190288564e-16,14.735373182755875,0.00120223006010357,0
2358.689683,77.90183313659954,1.0247370899474182,0.04578168975207963,14.943733075340784,66.21607715315803,0.0011503339388317893,124.00336413371019,0.00037400523736319996,-1.502371877665835e-16,14.943733075340784,0.0011503339388317893,0
2392.6655,77.54705776428675,1.0126839532668317,0.028263457323669257,15.155354872195984,66.57251499384645,0.0011006508394537603,75.93926258517024,0.00034466735124298874,5.2892489122061467e-17,15.155354872195984,0.0011006508394537603,0
2427.130723,77.19300474075769,1.0054431261744883,0.024435339401752618,15.369966243575359,66.92276023172295,0.00105329166572489,26.8401535190535,0.00031768363566597025,-2.370156767798756e-16,15.369966243575359,0.00105329166572489,0
2462.092401,76.87268807170481,0.988898430351884,0.01780787698646044,15.587819861733948,67.26703924419239,0.0010079458238843552,-22.724008689140305,0.0002950959012420352,-4.925507265557579e-16,15.587819861733948,0.0010079458238843552,0
2497.557686,76.58939450204633,0.9739622964857393,0.03835665210285962,15.808695212902014,67.60506758493423,0.0009647983434681165,-73.70873100354083,0.00027646096550672624,-9.184154943325068e-17,15.808695212902014,0.0009647983434681165,0
2533.533832,76.16444043816074,0.9895875007244022,0.05135815232057809,16.032701305300208,67.9384549712108,0.0009235433882828956,-125.47496697868752,0.00025069081025526845,-2.4818698375736865e-16,16.032701305300208,0.0009235433882828956,0
2570.028197,75.77748527587524,0.9907276691824651,0.04761267040895059,16.26020179985776,68.26637607412735,0.000883918104699234,-177.37006271051877,0.00022932050938391434,3.8476106457697e-16,16.26020179985776,0.000883918104699234,0
2607.048246,75.37339065970374,1.0013882738220141,0.06251404898453933,16.49090148805113,68.58882595837179,0.0008461432537030285,129.3784203921864,0.00020894569911946505,1.996653446060514e-16,16.49090148805113,0.0008461432537030285,0
2644.601552,74.86451085308259,1.0275596008206591,0.04209572690009884,16.72513128581234,68.90680647833787,0.0008098282798387958,76.18236959100466,0.0001858426782031686,-9.672909842671707e-17,16.72513128581234,0.0008098282798387958,0
2682.695795,74.53653822165593,1.007900758349118,0.018335655441854816,16.9629885972362,69.21886530103176,0.000775010198648566,22.627452928196703,0.00017232496238523188,4.771687500775611e-16,16.9629885972362,0.000775010198648566,0
2721.338768,74.20973370219494,0.998461864986959,0.026225401864388206,17.204134381747558,69.52564960839757,0.000741868938504664,-32.671777072209466,0.00015983347452294455,-1.5647074557912934e-16,17.204134381747558,0.000741868938504664,0
2760.538375,73.85502385865944,0.9911848522362541,0.019992442736491728,17.44886565364158,69.82773692643231,0.0007101049251524465,-88.4054025888604,0.0001472979681188284,-1.6610927382435344e-17,17.44886565364158,0.0007101049251524465,0
2800.302634,73.55882077941146,0.9774717458797267,0.03675706158765857,17.69709894894472,70.12465565297151,0.0006797979409974114,-145.4982577601345,0.00013758669805665277,2.4769541435867043e-16,17.69709894894472,0.0006797979409974114,0
2840.639679,73.13896832580944,0.9911839139496667,0.04924547774163366,17.948896112229694,70.41729986818825,0.0006508113276676221,156.53548832556612,0.00012490827271355233,5.0747165711655844e-18,17.948896112229694,0.0006508113276676221,0
2881.557759,72.72721031516419,0.9999691509688231,0.05108543014593108,18.204444127442454,70.70533359089764,0.0006230274720580419,98.1585943102084,0.00011360969703993516,-1.5569203443135763e-16,18.204444127442454,0.0006230274720580419,0
2923.065245,72.25974410196918,1.0196209027141725,0.042565436885909774,18.46374143450655,70.9890012371648,0.0005964186959946493,39.22221329767717,0.0001020161149501841,1.0243642507558286e-16,18.46374143450655,0.0005964186959946493,0
2965.170628,71.89913818252292,1.009214653391941,0.018931345064156904,18.72694651843552,71.26796644041427,0.0005708970741225643,-19.895429697730037,0.00009388758938512379,-2.952420194725573e-16,18.72694651843552,0.0005708970741225643,0
3007.882518,71.56832618309642,1.0001050501448292,0.024851843999713862,18.993884752874898,71.54235374482407,0.00054655426826379,-80.67665259843216,0.00008700154970615493,1.3298930584728428e-16,18.993884752874898,0.00054655426826379,0
3051.209653,71.21628208821355,0.9915974915433863,0.015271893642645015,19.264760639555295,71.81256758340763,0.0005232245670937425,-141.93754558373598,0.0000802273743516962,-7.910531002763875e-16,19.264760639555295,0.0005232245670937425,0
3095.160895,70.93460649885756,0.9761205311495884,0.038925084517381234,19.539495660193854,72.0783032506838,0.0005009670722444248,154.9903285359593,0.00007518912314037809,9.487899068277412e-17,19.539495660193854,0.0005009670722444248,0
3139.745234,70.4631929914447,1.0005608990324288,0.047629303732247615,19.81820478502873,72.34035579633847,0.0004796540988214522,91.10455285487546,0.00006745492586919237,-3.1550375764500063e-16,19.81820478502873,0.0004796540988214522,0
3184.97179,70.06581770934761,1.0040432069410807,0.04071411297170271,20.101059869086313,72.59823797058318,0.00045921591254749055,26.870912948132286,0.00006155681502121719,1.5229088062564188e-16,20.101059869086313,0.00045921591254749055,0
3230.849813,69.62866847019994,1.016593962922252,0.031799027863018525,20.388021466735253,72.8521941812421,0.0004396575506844481,-38.27455032157235,0.00005566230891318683,-2.581338630308708e-16,20.388021466735253,0.0004396575506844481,0
3277.388687,69.28881472772292,1.0039730028012646,0.016194352734933432,20.679209470412374,73.10208529770046,0.00042092081014027174,-103.94739149847913,0.00005147256882373957,-4.1076562189991846e-16,20.679209470412374,0.00042092081014027174,0
3324.597932,68.95608884534956,0.9940577708374686,0.016984646342214714,20.97458681739098,73.34808712336681,0.00040301324863537224,-170.9655612169372,0.00004767637803709225,-3.268661117022115e-16,20.97458681739098,0.00040301324863537224,0
3372.487204,68.65689107125571,0.9796823364293169,0.030437224019570414,21.274235504609482,73.59024895319216,0.00038588813199835184,120.78410014571227,0.0000445024045452004,-2.2045592635187723e-16,21.274235504609482,0.00038588813199835184,0
3421.066299,68.21119679089043,0.9990157915426169,0.0434544478107227,21.578199624816737,73.82890841465831,0.0003695047235427057,51.366694456899495,0.00004016188139759324,-2.9315614095766676e-16,21.578199624816737,0.0003695047235427057,0
3470.345152,67.8209324773403,1.001138229237023,0.03696602347613498,21.886643854403406,74.06388435209334,0.0003537955489206025,-18.398266586112754,0.000036710273316374225,1.8338339708622395e-16,21.886643854403406,0.0003537955489206025,0
3520.333844,67.36661436038767,1.0185822692953914,0.030704716963622463,22.199551040155672,74.29534592190109,0.00033876321371626816,-89.31780728690626,0.00003306403151656468,-4.082314577905326e-16,22.199551040155672,0.00033876321371626816,0
3571.0426,67.05089573145062,0.9994520244395302,0.010098366855322836,22.5170607648294,74.52315726786986,0.00032435461730719153,-160.68301627647986,0.00003074566871548746,-1.7791467339849281e-16,22.5170607648294,0.00032435461730719153,0
3622.481792,66.72113115650292,0.991687273929458,0.021655123758513643,22.83911165904135,74.74748660148923,0.0003105920954284443,125.92669916869136,0.00002849754747615242,2.754550454836958e-16,22.83911165904135,0.0003105920954284443,0
3674.661941,66.38218708594442,0.9853460456861117,0.030770248134504952,23.16583930735769,74.96843864226948,0.0002974155694873676,51.55992232686822,0.00002635803794128997,6.540248945749878e-16,23.16583930735769,0.0002974155694873676,0
3727.59372,65.94997082942812,1.000361323470529,0.039073638613032764,23.497292845697736,75.18613826737275,0.00028480388461256764,-23.911840472121867,0.000023861154520052892,-5.160338289042628e-16,23.497292845697736,0.00028480388461256764,0
3781.287957,65.53115820441633,1.009848965299495,0.03473350490520104,23.833579100534436,75.40055341877454,0.00027272108546545835,-99.99936974709561,0.000021667569119934083,-1.5624458580639113e-16,23.833579100534436,0.00027272108546545835,0
3835.755635,65.1352632971963,1.0099725375717514,0.011818813740923759,24.174771562314632,75.61173740789286,0.00026114298468765847,-176.57157248915047,0.000019779745525589723,-7.852658349962502e-17,24.174771562314632,0.00026114298468765847,0
3891.007893,64.84134837440676,0.9927476160795613,0.01995374627547881,24.520880646886713,75.81964974292131,0.00025007394505302825,104.98806982299766,0.00001848541511311361,1.1826952109468363e-16,24.520880646886713,0.00025007394505302825,0
3947.056035,64.48910855486892,0.9876213221663129,0.020319743698259007,24.872007798063816,76.02449476911409,0.000239474441469392,25.510504682036412,0.0000170453226229515,-2.0490068960519756e-16,24.872007798063816,0.000239474441469392,0
4003.911523,64.09343400813543,0.9965973611241344,0.0418875926908948,25.228191440791964,76.2262855690809,0.0002293374369288661,-55.84885920629267,0.00001556100961347502,1.694895336139726e-16,25.228191440791964,0.0002293374369288661,0
4061.585988,63.65635920440285,1.0087145281507888,0.027707674838716015,25.58957626302076,76.42510825730938,0.00021961692040421078,-137.39433097160145,0.000014071172613732598,1.9781698591875285e-16,25.58957626302076,0.00021961692040421078,0
4120.091227,63.269092348230544,1.0095521523424267,0.016630160686424946,25.9561968819381,76.62093115103094,0.00021031145696271303,139.87927403679635,0.000012870742600589672,3.974093329825359e-16,25.9561968819381,0.00021031145696271303,0
4179.439206,62.95992319036501,0.9938908197534139,0.015157004536211393,26.32812477361542,76.81379285613347,0.00020140461834758402,55.8586801075287,0.000011986342668091534,4.3323261722075124e-16,26.32812477361542,0.00020140461834758402,0
4239.642065,62.62484106455691,0.9862900607562087,0.022737439481410646,26.70542598234094,77.00379599571922,0.0001928804122314287,-29.610537753093865,0.000011096307328631385,2.870541207665555e-16,26.70542598234094,0.0001928804122314287,0
4300.712118,62.188258197299945,1.0033076144317397,0.03759314423749609,27.08817492790637,77.19101881879958,0.00018472203889797621,-116.61752019430628,0.00001003506500117539,4.414247713828122e-16,27.08817492790637,0.00018472203889797621,0
4362.661857,61.79636084200059,1.0052292952338737,0.02451609240853768,27.476494905611624,77.37545687996491,0.00017690204506120961,155.95889326938004,0.000009169179070268645,3.3034828097954885e-16,27.476494905611624,0.00017690204506120961,0
4425.503952,61.39745461121332,1.0084294535374119,0.010663614828461315,27.870434250105898,77.55716393819084,0.00016941485953023608,67.22128080125856,0.000008364497030633725,-3.0452199996000603e-16,27.870434250105898,0.00016941485953023608,0
4489.251258,61.114248547623866,0.9886614477049611,0.018514013692169495,28.270065593503407,77.73613447575256,0.00016224990619443123,-23.317302120023896,0.000007836447438061099,-8.465141428435751e-17,28.270065593503407,0.00016224990619443123,0
4553.916814,60.73506802590775,0.9916134365095617,0.028849501736029525,28.67547087478422,77.91249417192661,0.0001553907176231375,-115.3277446183024,0.000007181268631529953,-2.1753050832490295e-17,28.67547087478422,0.0001553907176231375,0
4619.513847,60.29563798498579,1.0066768532443733,0.028053054421105957,29.08674679767081,78.08627285893377,0.00014882088142883956,151.68201200387693,0.00000649020132422326,4.8340650803211875e-17,29.08674679767081,0.00014882088142883956,0
4686.055775,59.89688999192189,1.0108401668425915,0.018173695792742292,29.503980807023627,78.25747897323869,0.00014252816396512178,57.72200660357885,0.000005920840602299202,3.123389962969819e-16,29.503980807023627,0.00014252816396512178,0
4753.556208,59.60664686098046,0.9900431090451748,0.011529763196853697,29.927253239602802,78.42613501499854,0.0001365025135411419,-37.55188268568469,0.000005538077848399575,2.7967640883063336e-16,29.927253239602802,0.0001365025135411419,0
4822.028953,59.22501435334647,0.9936062975997288,0.021700285780585964,30.356631606035624,78.5923308073009,0.00013073579016138016,-134.8565469779602,0.000005072193410913577,4.086317361419132e-16,30.356631606035624,0.00013073579016138016,0
4891.488015,58.81636284504716,1.0033638836141814,0.033252019196950255,30.79221812725761,78.75609100347395,0.0001252137930574033,126.32217017976132,0.000004616689373267713,-1.753528338984891e-16,30.79221812725761,0.0001252137930574033,0
4961.947603,58.41326467479922,1.0075997153414693,0.016113524579333068,31.234118726083686,78.91745181593642,0.00011992229015541088,26.91447503452821,0.000004207468155593852,1.9957016649711867e-16,31.234118726083686,0.00011992229015541088,0
5033.422128,58.08759047949376,0.9952987345238532,0.010079049097204761,31.682405027152402,79.07642896081295,0.00011485627033135539,-74.10281468432038,0.0000039034931191557305,-4.2548819225910847e-16,31.682405027152402,0.00011485627033135539,0
5105.92621,57.73385362091025,0.9923672491668681,0.02050042396270005,32.137162425012555,79.23308091248444,0.00011000691488830615,-177.01514477147276,0.000003598153877407516,-6.769941045575081e-17,32.137162425012555,0.00011000691488830615,0
5179.474679,57.311418898425345,1.005204110585706,0.03173377875317818,32.59849098429931,79.38745280618315,0.00010536322790028236,78.52600256409505,0.000003264647235461676,3.2475134396271043e-16,32.59849098429931,0.00010536322790028236,0
5254.08258,56.932758029634,1.0039532807287526,0.014989820618118915,33.06650070019698,79.53956417839055,0.00010091361576158589,-26.635244253431893,0.0000029920591384579,8.908725097492995e-18,33.06650070019698,0.00010091361576158589,0
5329.765172,56.59039896995686,0.9955027981130461,0.00801223698320022,33.54127050179849,79.68944685667107,0.00009665329888179839,-133.6208999172439,0.0000027652491480753743,-7.838637853363727e-17,33.54127050179849,0.00009665329888179839,0
5406.537936,56.236355607623885,0.9934258808346372,0.02427919661249514,34.02289151013512,79.83714142521903,0.00009257519911014859,117.1624598678817,0.0000025487657996819053,-2.4507511970269476e-16,34.02289151013512,0.00009257519911014859,0
5484.416576,55.801615923312994,1.0075775989506526,0.024171429671522155,34.51147575681833,79.98269496610601,0.00008866869121248178,6.85661706795247,0.000002305982263215865,9.946168894037704e-18,34.51147575681833,0.00008866869121248178,0
5563.417021,55.43118530844538,1.0053475094538793,0.0136810811086665,35.00712395380724,80.12612025765443,0.0000849267758830984,-104.61564359932004,0.0000021174487179782674,-7.391639144168777e-17,35.00712395380724,0.0000849267758830984,0
5643.555431,55.133168136568415,0.9879226084780701,0.014433512512254899,35.50993034322311,80.26744840867104,0.00008134376760908835,142.03981330567785,0.0000019770205512753264,-1.5941011841128925e-16,35.50993034322311,0.00008134376760908835,0
5724.848197,54.721864457120084,0.9977313003202963,0.02255523027323447,36.01999508398492,80.40673256408779,0.00007791294926576756,26.669767390527454,0.0000017983773160252783,-2.5015805167624813e-16,36.01999508398492,0.00007791294926576756,0
5807.311946,54.29287529131837,1.0098655096402263,0.016671315676505868,36.53743118693713,80.54399423696943,0.0000746265599707959,-89.99920337451488,0.0000016292281277329682,-3.2972753475075997e-16,36.53743118693713,0.0000746265599707959,0
5890.963548,53.966495288989535,0.9976563364283995,0.008271697129477876,37.06234307043982,80.67925231055193,0.00007147893337568361,151.86576502127923,0.000001511276395188385,3.617094521329675e-16,37.06234307043982,0.00007147893337568361,0
5975.820111,53.61060970610778,0.9953483540714344,0.021262232139075674,37.59482953240872,80.81254830238505,0.00006846533658309954,31.45776214323746,0.0000013923721910455393,-2.4361033307511123e-17,37.59482953240872,0.00006846533658309954,0
6061.898993,53.18964818100518,1.0067784470626313,0.025000573868549144,38.13500705023995,80.94391637783195,0.00006557881223687054,-90.45332365570488,0.0000012637442375690873,-1.0095771075519012e-17,38.13500705023995,0.00006557881223687054,0
6149.217802,52.838757870046244,0.9996336427374762,0.010051155889868076,38.68298985120958,81.07337540118455,0.00006281359358798292,146.41029251608893,0.0000011656553390212535,-5.774443225150034e-16,38.68298985120958,0.00006281359358798292,0
6237.794396,52.50713475613495,0.9906798696989517,0.015375227298922566,39.238880531794834,81.20095644275182,0.00006016589252913802,20.883414673248808,0.000001079960436686691,-4.635798286479887e-16,39.238880531794834,0.00006016589252913802,0
6327.646895,52.08655880836851,1.0025024198196533,0.0233478912330732,39.80279548224596,81.32669587100011,0.00005763019789087547,-106.5480397162205,9.802802458817988e-7,1.5969523625725326e-16,39.80279548224596,0.00005763019789087547,0
6418.793677,51.70704771959553,1.0022360398704901,0.009484264286047667,40.3748563504073,81.4506137821926,0.00005520100823223307,124.93036435118518,8.982539634585322e-7,6.839448951824244e-17,40.3748563504073,0.00005520100823223307,0
6511.253386,51.38359995297752,0.990840303036746,0.010663720971504984,40.95517322170265,81.57273562132553,0.00005287477838105081,-5.838070940904117,8.337855523573141e-7,3.8601042759024446e-16,40.95517322170265,0.00005287477838105081,0
6605.044933,50.96472686281949,1.0024750384674765,0.020058403931501795,41.54386461475658,81.69309693014527,0.0000506470306625283,-138.87852688534974,7.57124075704028e-7,-8.583315567862609e-17,41.54386461475658,0.0000506470306625283,0
6700.187504,50.5717159893916,1.0058015186958367,0.009460262655353264,42.14105690665679,81.8117183957599,0.000048512914889792254,86.74718124172,6.916174927495089e-7,-1.6594872756500776e-16,42.14105690665679,0.000048512914889792254,0
6796.700558,50.26031243731927,0.9917407628666974,0.011759606580276,42.746867406891205,81.92862275389291,0.000046469112918628446,-49.79713698039336,6.437624096759258e-7,1.022845500649873e-16,42.746867406891205,0.000046469112918628446,0
6894.603838,49.84887367041098,1.0013140797911122,0.0185807003120581,43.36141981797958,82.04384404413857,0.00004451170830559865,171.53595148701777,5.855739350411126e-7,6.271048101052914e-17,43.36141981797958,0.00004451170830559865,0
6993.917368,49.45244805278111,1.0052423962827612,0.00609836660615567,43.98484409832211,82.15740279196741,0.00004263660539720374,31.3924517027001,5.344894969610245e-7,-3.0060463827469535e-17,43.98484409832211,0.00004263660539720374,0
7094.661463,49.13156573810133,0.9939324461926583,0.013010553937730545,44.617263056016164,82.2693207632112,0.00004084089555941984,-111.33279762501729,4.96421913212631e-7,1.107767941403591e-16,44.617263056016164,0.00004084089555941984,0
7196.85673,48.721095319217476,1.0031858530798348,0.01927804281226335,45.25880753027095,82.37962882124832,0.000039120970250208984,103.88631701411828,4.5165196299283614e-7,-1.6029072656961854e-16,45.25880753027095,0.000039120970250208984,0
7300.524071,48.359156330083096,0.9991259688205676,0.006182505144137733,45.909611747083204,82.48834639849856,0.000037473356300861264,-42.308371549011724,4.1553729008314787e-7,-4.151199794020587e-16,45.909611747083204,0.000037473356300861264,0
7405.684692,48.02151149404147,0.9919146249032337,0.015006260681952498,46.56980403279877,82.59549725376706,0.0000358954947130573,168.74388228833004,3.844550054421003e-7,4.719781468585332e-16,46.56980403279877,0.0000358954947130573,0
7512.360102,47.59052484617027,1.0051640385491398,0.014046730182609648,47.23952223974759,82.70110846027518,0.00003438410190169469,17.803295065754128,3.4813433244879974e-7,-1.6794187635211822e-16,47.23952223974759,0.00003438410190169469,0
7620.572122,47.250324540663094,0.9968555136129814,0.00790615982774059,47.91890379512031,82.80519762617195,0.00003293638329398508,-135.06855189673928,3.219043342712267e-7,-1.4287701921491753e-16,47.91890379512031,0.00003293638329398508,0
7730.342884,46.872682042042385,0.9991840475479838,0.02110811778260834,48.60808475270373,82.90779028975065,0.00003154989040693626,69.35086902517628,2.9509549153675333e-7,1.1722050529068602e-16,48.60808475270373,0.00003154989040693626,0
7841.694843,46.46614175635292,1.0059852896974635,0.01116350039398627,49.30720994372937,83.00890876717258,0.000030221673525485646,-87.84191578673477,2.6872529346739264e-7,2.481947279056843e-16,49.30720994372937,0.000030221673525485646,0
7954.650775,46.14429519882394,0.9943273798429636,0.01336038848114871,50.01641979747282,83.10857192413175,0.000028949533429980804,112.33559088788786,2.495306455169334e-7,2.3020627786254507e-16,50.01641979747282,0.000028949533429980804,0
8069.233784,45.72927446242162,1.0041986001800087,0.015494971088005885,50.73585969781838,83.20680499564544,0.0000277310334274804,-49.80373845797618,2.267889114353183e-7,-3.7887240396994013e-16,50.73585969781838,0.0000277310334274804,0
8185.467307,45.38714073979135,0.9960149887283716,0.005344817159606444,51.46567829508681,83.30362590036539,0.000026563809937565922,146.19336885820644,2.0960828478795156e-7,1.0248855775705694e-17,51.46567829508681,0.000026563809937565922,0
8303.37512,45.01767848254463,0.9963425250087552,0.017503169038826344,52.206022101229784,83.39905692474535,0.00002544591299217893,-20.887555581205106,1.9251395598624458e-7,-7.266560244078016e-17,52.206022101229784,0.00002544591299217893,0
8422.981339,44.610259446809394,1.003378605212428,0.007755844840682444,52.95704551254885,83.49311894379595,0.000024375014231905557,170.192401517882,1.752751368562023e-7,-2.238860826679351e-16,52.95704551254885,0.000024375014231905557,0
8544.310429,44.27440977088778,0.995216558207932,0.012432060719488802,53.71890013793036,83.58583006982931,0.000023349305041537504,-1.4624155133360546,1.622315611066455e-7,-3.0159496780254416e-16,53.71890013793036,0.000023349305041537504,0
8667.387209,43.85618597496056,1.005423416647543,0.009880018271574411,54.49174270945033,83.67721247722925,0.00002236678886250109,-175.39987648539397,1.4733738843879226e-7,-6.267365888890955e-16,54.49174270945033,0.00002236678886250109,0
8792.236851,43.53183721937923,0.9939485334370826,0.0076314343222387,55.275731317711944,83.76728319500926,0.000021425660637537326,8.1291223002479,1.3673449535933955e-7,1.4624761906620266e-16,55.275731317711944,0.000021425660637537326,0
8918.884894,43.11867595390926,1.0038840792352428,0.015375912695774922,56.071025397878046,83.85606364578977,0.000020524222540947728,-171.2106483158758,1.2432600128396444e-7,-4.573691765325406e-16,56.071025397878046,0.000020524222540947728,0
9047.357242,42.763610323403825,0.9987175682830567,0.004123665901859075,56.87778939698514,83.9435710949468,0.00001966068730246408,7.526549866305231,1.1456590827898309e-7,2.0129677000718016e-17,56.87778939698514,0.00001966068730246408,0
9177.680175,42.39259832520767,0.9991962018686585,0.014809221135242056,57.696186243790144,84.02982475598085,0.00001883359409060092,-177.04027702454277,1.051850948058008e-7,-2.233419131148655e-16,57.696186243790144,0.00001883359409060092,0
9309.880348,42.009952417981644,1.000619537485481,0.005463059330524194,58.526385236123254,84.11484305597821,0.000018041277504982527,-3.7273474867156438,9.63140426152065e-8,-4.1367065757989046e-16,58.526385236123254,0.000018041277504982527,0
9443.984802,41.6517053560187,0.9979201630729152,0.013827876241954687,59.36855464817355,84.19864349717609,0.000017282373451848992,166.47871881178412,8.868800909908926e-8,-7.046152391171053e-17,59.36855464817355,0.000017282373451848992,0
9580.020968,41.26404809659263,1.0006255882074224,0.005699169383320847,60.22286802894183,84.28124443020862,0.000016555387911787124,-25.59990116689903,8.111462782391376e-8,1.0661921471389166e-16,60.22286802894183,0.000016555387911787124,0
9718.016671,40.91118629599941,0.9967101319254479,0.01472999867445171,61.08949895774151,84.3626626595762,0.00001585904987594324,139.01557653140117,7.478474201425179e-8,-1.8225525620658777e-16,61.08949895774151,0.00001585904987594324,0
9858.000137,40.513072269709305,1.001837691073911,0.006237744907688259,61.96862581934003,84.44291611076687,0.000015191995909623401,-58.62659430324487,6.823412035358108e-8,-1.09179458703006e-16,61.96862581934003,0.000015191995909623401,0
10000,40.16546524185596,0.9966825939822055,0.01538070127719808,62.8604273934936,84.52202092053774,0.000014553056517096785,100.40638728353781,6.29855454097393e-8,1.2269330372416887e-16,62.8604273934936,0.000014553056517096785,0
10144.045304,39.759324289717014,1.003636633332756,0.0060534965918343535,63.76508709423365,84.5999945934857,0.000013940985020833605,-103.01699176073532,5.7362332054322335e-8,3.0622697456885784e-16,63.76508709423365,0.000013940985020833605,0
10290.165513,39.413917371745256,0.9978863806935895,0.014289771932620165,64.68278903062335,84.6768527147458,0.00001335470462778871,50.220582597260204,5.297684704439303e-8,-1.3201928800739785e-16,64.68278903062335,0.00001335470462778871,0
10438.390514,39.01613983278298,1.0028281342821306,0.0038705383507883872,65.61372180431465,84.75261220758063,0.00001279307660881496,-159.0022731737808,4.8340190047032334e-8,3.103680221938441e-16,65.61372180431465,0.00001279307660881496,0
10588.750628,38.66841453792866,0.9977443474272161,0.013728937777058005,66.55807492200194,84.82728836106705,0.000012255112957711629,-11.86202247783649,4.462064296498531e-8,2.2723433517033656e-17,66.55807492200194,0.000012255112957711629,0
10741.276608,38.28472598843686,0.9995309534309249,0.004332462438916271,67.51604244985312,84.90089738624975,0.000011739767791316259,132.82629905570957,4.084763991640584e-8,3.2403119943109145e-16,67.51604244985312,0.000011739767791316259,0
10895.999653,37.90946207885794,1.0008227612999636,0.014971655748509284,68.48781944741852,84.97345443900859,0.000011246132754402805,-86.17912665892709,3.746628031418401e-8,1.8192954164101085e-16,68.48781944741852,0.000011246132754402805,0
11052.951411,37.543523025361935,0.9985145290031313,0.0049186789787963,69.47360560855729,85.04497481826112,0.000010773249405714793,52.222946042077865,3.44386939334797e-8,-4.199627617822222e-17,69.47360560855729,0.000010773249405714793,0
11212.163986,37.1517207040432,1.003306356602642,0.010870171166903496,70.47360175803783,85.11547359037735,0.000010320280494098581,-172.9644922066965,3.146780430026659e-8,8.482064705474748e-16,70.47360175803783,0.000010320280494098581,0
11373.669943,36.812355751984725,0.9953403424733583,0.007519846830251706,71.48801301335556,85.18496527846926,0.000009886362358787627,-41.154763557865294,2.9102476378391512e-8,-1.8081403815118558e-16,71.48801301335556,0.000009886362358787627,0
11537.502317,36.40348682014203,1.0037600814466834,0.009319882301700848,72.51704650318129,85.25346482981035,0.000009470706408887609,87.19422769048731,2.648762701134168e-8,2.485671931301917e-16,72.51704650318129,0.000009470706408887609,0
11703.694619,36.05845295388063,0.9973317393588002,0.009414573468004953,73.56091292852366,85.32098614616956,0.000009072536208120452,-147.6647539363753,2.446468710153421e-8,-8.169856667224305e-17,73.56091292852366,0.000009072536208120452,0
11872.280844,35.66501427965008,1.0017728202553333,0.005026812499217802,74.61982578665112,85.38754369266793,0.000008691115032656991,-25.868370299580192,2.2345794379047956e-8,6.906774774167021e-16,74.61982578665112,0.000008691115032656991,0
12043.295474,35.30376589010145,0.9996190807015897,0.013509770627424346,75.69400144620394,85.45315112398364,0.000008325747142674237,92.20508000212203,2.0562265346273594e-8,2.946131351794681e-16,75.69400144620394,0.000008325747142674237,0
12216.77349,34.93770017154151,0.9974490976054,0.004000874974527603,76.78366007106837,85.51782227429374,0.000007975739047144863,-152.71219030769709,1.8900112417577346e-8,2.434791602377567e-16,76.78366007106837,0.000007975739047144863,0
12392.750375,34.53964127174859,1.0035427603005538,0.008119878509651518,77.88902407220978,85.58157066655816,0.000007640461427199214,-41.57971371517158,1.72448133204259e-8,-4.434082385413269e-16,77.88902407220978,0.000007640461427199214,0
12571.262124,34.191384592799345,0.9980217642046563,0.010866420376775203,79.01031980071478,85.64440942739604,0.000007319285331966685,66.08333275206928,1.5915959651003204e-8,-2.362088497023733e-16,79.01031980071478,0.000007319285331966685,0
12752.345251,33.80734832126771,1.0001628649003105,0.0038935124166659227,80.14777667372731,85.70635184556374,0.000007011614366511015,170.3125543806609,1.4568981852400805e-8,4.800035965993491e-16,80.14777667372731,0.000007011614366511015,0
12936.036796,33.4269604169122,1.0023728089742687,0.011706269465355136,81.30162708389149,85.76741072392298,0.000006716889650674036,-89.49910115368829,1.3347207490545379e-8,2.0288572890715441e-16,81.30162708389149,0.000006716889650674036,0
13122.374331,33.08191427577797,0.9957362225176595,0.007607854132459352,82.47210735558205,85.82759874223741,0.000006434555728962012,7.25787547644245,1.2327806182096791e-8,-3.639354509543564e-16,82.47210735558205,0.000006434555728962012,0
13311.395971,32.68662473479289,1.000728052838083,0.004721762130458489,83.65945673178977,85.88692856239749,0.000006164096397158975,100.19596023295753,1.1255293999329453e-8,-3.157150202547055e-16,83.65945673178977,0.000006164096397158975,0
13503.140379,32.310590675572605,1.001736928929753,0.009356207708991936,84.86391804497121,85.94541240607651,0.000005905013206090467,-170.9202336147634,1.0321752419820209e-8,-2.649690576563075e-16,84.86391804497121,0.000005905013206090467,0
13697.646775,31.962700663789292,0.995933990019565,0.008334314267694026,86.08573778942379,86.00306243349732,0.000005656823389395115,-85.78598826651933,9.52718144841353e-9,-1.5613965438681225e-16,86.08573778942379,0.000005656823389395115,0
13894.954944,31.570880277278143,0.9999708858906201,0.0027168955749479777,87.32516584572576,86.05989072152877,0.000005419069297921484,-4.4548752037203485,8.705273053277979e-9,5.523387792060465e-17,87.32516584572576,0.000005419069297921484,0
14095.105244,31.186805318376294,1.0029414884743084,0.009157781925855509,88.58245560940142,86.1159089959693,0.000005191315491797628,72.47000402283118,7.968469268118153e-9,-4.266040928998494e-16,88.58245560940142,0.000005191315491797628,0
14298.138616,30.84273179519951,0.9963190187467625,0.00927062668335659,89.85786442037765,86.17112886282175,0.000004973136734480903,145.57375312400802,7.361520905068935e-9,1.3599325006505861e-16,89.85786442037765,0.000004973136734480903,0
14504.096588,30.460293552300534,0.9982458259874337,0.004035944067518509,91.1516531177932,86.22556186887965,0.000004764130769200321,-145.3706790051761,6.74099066050505e-9,1.7242659184874017e-16,91.1516531177932,0.000004764130769200321,0
14713.021288,30.068424475504635,1.0027794077916827,0.006449273412151603,92.46408625774754,86.27921926676528,0.0000045639139952547135,-80.66982916857512,6.1593774364746394e-9,7.687646720682758e-17,92.46408625774754,0.0000045639139952547135,0
14924.955451,29.70359602742782,1.0010920538443484,0.009634765563049447,93.79543235499347,86.3321121524026,0.000004372115144318949,-20.28983929730748,5.663096641022471e-9,-1.6133976551068538e-17,93.79543235499347,0.000004372115144318949,0
15139.942425,29.343912923433354,0.9979558466776691,0.007329853924927438,95.14596375080417,86.38425151360204,0.000004188379177480604,35.99406752845937,5.212975244535719e-9,-6.67238784794394e-17,95.14596375080417,0.000004188379177480604,0
15358.026185,28.96769561106816,0.9985531590757672,0.0037529108159984237,96.51595666192307,86.4356481700705,0.0000040123676387809886,87.87959313338888,4.780396627199741e-9,-8.174905234163029e-18,96.51595666192307,0.0000040123676387809886,0
15579.25134,28.58227092157991,1.001523482526328,0.00479983117489416,97.90569129088088,86.48631275874413,0.000003843756302768558,135.24659619834927,4.374429909915223e-9,-4.3886211946589577e-16,97.90569129088088,0.000003843756302768558,0
15803.66314,28.206935553793862,1.0022811691939413,0.008305813120580284,99.31545191703742,86.53625575666992,0.000003682233463248684,177.9929303792644,4.01224944438765e-9,1.2793101699912017e-16,99.31545191703742,0.000003682233463248684,0
16031.307485,27.84689227546358,0.9993402501302959,0.008349179518485335,100.74552691628841,86.58548750020633,0.000003527500281324495,-143.6718822114891,3.6930364808089094e-9,1.7912730566406117e-16,100.74552691628841,0.000003527500281324495,0
16262.230941,27.48401164162802,0.9969533729525848,0.006041644363672588,102.19620881015003,86.63401818854753,0.0000033792713607253235,-109.94865131699339,3.3969999021985895e-9,-2.624196755202369e-16,102.19620881015003,0.0000033792713607253235,0
16496.480741,27.100564200881067,0.9993090463054723,0.00405099801552077,103.66779430699701,86.68185786831569,0.0000032372734163292362,-80.89866807135792,3.1099312638372752e-9,-1.7984117094514457e-16,103.66779430699701,0.0000032372734163292362,0
16734.104799,26.718224978723065,1.0015004277411501,0.0037654020075945766,105.16058440683376,86.7290164185171,0.000003101244452231849,-56.69420576698491,2.847848408971282e-9,8.71481709152281e-17,105.16058440683376,0.000003101244452231849,0
16975.15172,26.343087136473642,1.0021906624834716,0.006846723985763009,106.67488445028788,86.77550358492627,0.0000029709335081165337,-37.401274779103915,2.6121799029771967e-9,1.9630426314258374e-16,106.67488445028788,0.0000029709335081165337,0
17219.670809,25.97662526031085,1.000766633947752,0.007664173835715353,108.21100420294167,86.82132897516628,0.000002846099680187813,-22.94566725720142,2.400805051633239e-9,-8.384455448090823e-17,108.21100420294167,0.000002846099680187813,0
17467.71208,25.613928911683,0.9984646760612164,0.0081887631152334,109.76925785562736,86.86650205871827,0.0000027265127892435514,-13.4735753843064,2.208448424772433e-9,5.757659857769205e-17,109.76925785562736,0.0000027265127892435514,0
17719.32627,25.24688377303609,0.9970462752956912,0.005759652079191777,111.3499641586396,86.91103216918104,0.000002611952042298362,-8.931706153847585,2.029470521639268e-9,3.052753057520908e-17,111.3499641586396,0.000002611952042298362,0
17974.564843,24.87216029338382,0.9974366964262548,0.004422996762773624,112.95344640947977,86.95492850098012,0.000002502206328479229,-9.583140805886728,1.8617030041045782e-9,8.67379456766545e-17,112.95344640947977,0.000002502206328479229,0
18233.480009,24.498087741490107,0.9976691227957196,0.002927467431109834,114.58003261201954,86.99820011258386,0.0000023970730960905115,-15.387202298370767,1.708060086608389e-9,-2.396725610796885e-16,114.58003261201954,0.0000023970730960905115,0
18496.124725,24.117962439137074,0.9993267818275938,0.0021094572705787186,116.23005545687359,87.04085593545258,0.0000022963584381105924,-26.49955194113727,1.564914498250527e-9,3.8914389447328683e-16,116.23005545687359,0.0000022963584381105924,0
18762.552716,23.739919997960158,1.0005889721281134,0.0030091100806662295,117.90385246174898,87.08290476791089,0.0000021998765947796615,-43.01049343457862,1.434453154868363e-9,-2.4807673608453957e-17,117.90385246174898,0.0000021998765947796615,0
19032.818477,23.36532024458058,1.0010532810788229,0.0038599673879161542,119.6017659896535,87.12435528291842,0.000002107449514664355,-64.91258550405678,1.315910628390285e-9,-2.8707032257607616e-16,119.6017659896535,0.000002107449514664355,0
19306.977289,22.98924295229414,1.00182978174661,0.00406664446410479,121.32414333882953,87.16521602963603,0.000002018906700519905,-92.32867376810134,1.20675377324501e-9,1.6039818386008858e-17,121.32414333882953,0.000002018906700519905,0
19585.08523,22.612623139058982,1.0027148627630689,0.0038539243077427964,123.07133681415255,87.20549543204007,0.000001934084856784459,-125.29369115449049,1.106513416459287e-9,7.681072882154691e-18,123.07133681415255,0.000001934084856784459,0
19867.199185,22.239530263231792,1.0027819038473924,0.003543538880666948,124.84370379168114,87.24520179168684,0.0000018528275575851996,-163.90411164157547,1.0154239359192074e-9,-5.665080135393027e-16,124.84370379168114,0.0000018528275575851996,0
20000,22.089837629776262,0.9973114585913031,0.004713440289100229,125.67802036632322,87.2635048292356,0.0000018161502474229366,8.410040472822743,9.810206139049526e-10,-2.0914970780544648e-16,125.67802036632322,0.0000018161502474229366,0
